date,actions_count
2019-01-02T00:00:00.000000+0000,423
2019-01-03T00:00:00.000000+0000,450
2019-01-04T00:00:00.000000+0000,465
2019-01-05T00:00:00.000000+0000,448
2019-01-06T00:00:00.000000+0000,406
2019-01-07T00:00:00.000000+0000,449
2019-01-08T00:00:00.000000+0000,407
2019-01-09T00:00:00.000000+0000,425
2019-01-10T00:00:00.000000+0000,450
2019-01-11T00:00:00.000000+0000,438
2019-01-12T00:00:00.000000+0000,467
2019-01-13T00:00:00.000000+0000,454
2019-01-14T00:00:00.000000+0000,427
2019-01-15T00:00:00.000000+0000,405
2019-01-16T00:00:00.000000+0000,439
2019-01-17T00:00:00.000000+0000,476
2019-01-18T00:00:00.000000+0000,410
2019-01-19T00:00:00.000000+0000,420
2019-01-20T00:00:00.000000+0000,422
2019-01-21T00:00:00.000000+0000,437
2019-01-22T00:00:00.000000+0000,459
2019-01-23T00:00:00.000000+0000,397
2019-01-24T00:00:00.000000+0000,427
2019-01-25T00:00:00.000000+0000,440
2019-01-26T00:00:00.000000+0000,429
2019-01-27T00:00:00.000000+0000,402
2019-01-28T00:00:00.000000+0000,469
2019-01-29T00:00:00.000000+0000,426
2019-01-30T00:00:00.000000+0000,376
2019-01-31T00:00:00.000000+0000,490
2019-02-01T00:00:00.000000+0000,442
2019-02-02T00:00:00.000000+0000,421
2019-02-03T00:00:00.000000+0000,408
2019-02-04T00:00:00.000000+0000,417
2019-02-05T00:00:00.000000+0000,504
2019-02-06T00:00:00.000000+0000,409
2019-02-07T00:00:00.000000+0000,445
2019-02-08T00:00:00.000000+0000,407
2019-02-09T00:00:00.000000+0000,428
2019-02-10T00:00:00.000000+0000,414
2019-02-11T00:00:00.000000+0000,493
2019-02-12T00:00:00.000000+0000,450
2019-02-13T00:00:00.000000+0000,426
2019-02-14T00:00:00.000000+0000,483
2019-02-15T00:00:00.000000+0000,480
2019-02-16T00:00:00.000000+0000,472
2019-02-17T00:00:00.000000+0000,446
2019-02-18T00:00:00.000000+0000,419
2019-02-19T00:00:00.000000+0000,457
2019-02-20T00:00:00.000000+0000,425
2019-02-21T00:00:00.000000+0000,394
2019-02-22T00:00:00.000000+0000,443
2019-02-23T00:00:00.000000+0000,432
2019-02-24T00:00:00.000000+0000,422
2019-02-25T00:00:00.000000+0000,513
2019-02-26T00:00:00.000000+0000,375
2019-02-27T00:00:00.000000+0000,435
2019-02-28T00:00:00.000000+0000,421
2019-03-01T00:00:00.000000+0000,417
2019-03-02T00:00:00.000000+0000,405
2019-03-03T00:00:00.000000+0000,497
2019-03-04T00:00:00.000000+0000,478
2019-03-05T00:00:00.000000+0000,420
2019-03-06T00:00:00.000000+0000,408
2019-03-07T00:00:00.000000+0000,444
2019-03-08T00:00:00.000000+0000,469
2019-03-09T00:00:00.000000+0000,387
2019-03-10T00:00:00.000000+0000,404
2019-03-11T00:00:00.000000+0000,464
2019-03-12T00:00:00.000000+0000,442
2019-03-13T00:00:00.000000+0000,435
2019-03-14T00:00:00.000000+0000,375
2019-03-15T00:00:00.000000+0000,440
2019-03-16T00:00:00.000000+0000,463
2019-03-17T00:00:00.000000+0000,436
2019-03-18T00:00:00.000000+0000,422
2019-03-19T00:00:00.000000+0000,446
2019-03-20T00:00:00.000000+0000,450
2019-03-21T00:00:00.000000+0000,444
2019-03-22T00:00:00.000000+0000,410
2019-03-23T00:00:00.000000+0000,469
2019-03-24T00:00:00.000000+0000,436
2019-03-25T00:00:00.000000+0000,393
2019-03-26T00:00:00.000000+0000,447
2019-03-27T00:00:00.000000+0000,448
2019-03-28T00:00:00.000000+0000,454
2019-03-29T00:00:00.000000+0000,440
2019-03-30T00:00:00.000000+0000,386
2019-03-31T00:00:00.000000+0000,384
2019-04-01T00:00:00.000000+0000,556
2019-04-02T00:00:00.000000+0000,444
2019-04-03T00:00:00.000000+0000,402
2019-04-04T00:00:00.000000+0000,412
2019-04-05T00:00:00.000000+0000,460
2019-04-06T00:00:00.000000+0000,432
2019-04-07T00:00:00.000000+0000,442
2019-04-08T00:00:00.000000+0000,455
2019-04-09T00:00:00.000000+0000,460
2019-04-10T00:00:00.000000+0000,467
2019-04-11T00:00:00.000000+0000,507
2019-04-12T00:00:00.000000+0000,414
2019-04-13T00:00:00.000000+0000,448
2019-04-14T00:00:00.000000+0000,446
2019-04-15T00:00:00.000000+0000,502
2019-04-16T00:00:00.000000+0000,467
2019-04-17T00:00:00.000000+0000,417
2019-04-18T00:00:00.000000+0000,425
2019-04-19T00:00:00.000000+0000,459
2019-04-20T00:00:00.000000+0000,444
2019-04-21T00:00:00.000000+0000,453
2019-04-22T00:00:00.000000+0000,461
2019-04-23T00:00:00.000000+0000,407
2019-04-24T00:00:00.000000+0000,420
2019-04-25T00:00:00.000000+0000,407
2019-04-26T00:00:00.000000+0000,482
2019-04-27T00:00:00.000000+0000,468
2019-04-28T00:00:00.000000+0000,400
2019-04-29T00:00:00.000000+0000,443
2019-04-30T00:00:00.000000+0000,461
2019-05-01T00:00:00.000000+0000,527
2019-05-02T00:00:00.000000+0000,447
2019-05-03T00:00:00.000000+0000,430
2019-05-04T00:00:00.000000+0000,442
2019-05-05T00:00:00.000000+0000,373
2019-05-06T00:00:00.000000+0000,501
2019-05-07T00:00:00.000000+0000,406
2019-05-08T00:00:00.000000+0000,450
2019-05-09T00:00:00.000000+0000,431
2019-05-10T00:00:00.000000+0000,411
2019-05-11T00:00:00.000000+0000,454
2019-05-12T00:00:00.000000+0000,417
2019-05-13T00:00:00.000000+0000,480
2019-05-14T00:00:00.000000+0000,441
2019-05-15T00:00:00.000000+0000,438
2019-05-16T00:00:00.000000+0000,460
2019-05-17T00:00:00.000000+0000,426
2019-05-18T00:00:00.000000+0000,397
2019-05-19T00:00:00.000000+0000,469
2019-05-20T00:00:00.000000+0000,437
2019-05-21T00:00:00.000000+0000,409
2019-05-22T00:00:00.000000+0000,428
2019-05-23T00:00:00.000000+0000,511
2019-05-24T00:00:00.000000+0000,431
2019-05-25T00:00:00.000000+0000,498
2019-05-26T00:00:00.000000+0000,382
2019-05-27T00:00:00.000000+0000,442
2019-05-28T00:00:00.000000+0000,472
2019-05-29T00:00:00.000000+0000,509
2019-05-30T00:00:00.000000+0000,465
2019-05-31T00:00:00.000000+0000,440
2019-06-01T00:00:00.000000+0000,432
2019-06-02T00:00:00.000000+0000,477
2019-06-03T00:00:00.000000+0000,483
2019-06-04T00:00:00.000000+0000,469
2019-06-05T00:00:00.000000+0000,383
2019-06-06T00:00:00.000000+0000,435
2019-06-07T00:00:00.000000+0000,428
2019-06-08T00:00:00.000000+0000,497
2019-06-09T00:00:00.000000+0000,389
2019-06-10T00:00:00.000000+0000,429
2019-06-11T00:00:00.000000+0000,383
2019-06-12T00:00:00.000000+0000,467
2019-06-13T00:00:00.000000+0000,468
2019-06-14T00:00:00.000000+0000,479
2019-06-15T00:00:00.000000+0000,409
2019-06-16T00:00:00.000000+0000,465
2019-06-17T00:00:00.000000+0000,437
2019-06-18T00:00:00.000000+0000,464
2019-06-19T00:00:00.000000+0000,444
2019-06-20T00:00:00.000000+0000,423
2019-06-21T00:00:00.000000+0000,442
2019-06-22T00:00:00.000000+0000,424
2019-06-23T00:00:00.000000+0000,520
2019-06-24T00:00:00.000000+0000,436
2019-06-25T00:00:00.000000+0000,494
2019-06-26T00:00:00.000000+0000,536
2019-06-27T00:00:00.000000+0000,401
2019-06-28T00:00:00.000000+0000,409
2019-06-29T00:00:00.000000+0000,399
2019-06-30T00:00:00.000000+0000,455
2019-07-01T00:00:00.000000+0000,499
2019-07-02T00:00:00.000000+0000,457
2019-07-03T00:00:00.000000+0000,476
2019-07-04T00:00:00.000000+0000,499
2019-07-05T00:00:00.000000+0000,436
2019-07-06T00:00:00.000000+0000,520
2019-07-07T00:00:00.000000+0000,435
2019-07-08T00:00:00.000000+0000,485
2019-07-09T00:00:00.000000+0000,496
2019-07-10T00:00:00.000000+0000,477
2019-07-11T00:00:00.000000+0000,525
2019-07-12T00:00:00.000000+0000,522
2019-07-13T00:00:00.000000+0000,444
2019-07-14T00:00:00.000000+0000,440
2019-07-15T00:00:00.000000+0000,516
2019-07-16T00:00:00.000000+0000,499
2019-07-17T00:00:00.000000+0000,410
2019-07-18T00:00:00.000000+0000,504
2019-07-19T00:00:00.000000+0000,506
2019-07-20T00:00:00.000000+0000,463
2019-07-21T00:00:00.000000+0000,446
2019-07-22T00:00:00.000000+0000,536
2019-07-23T00:00:00.000000+0000,456
2019-07-24T00:00:00.000000+0000,463
2019-07-25T00:00:00.000000+0000,480
2019-07-26T00:00:00.000000+0000,533
2019-07-27T00:00:00.000000+0000,458
2019-07-28T00:00:00.000000+0000,487
2019-07-29T00:00:00.000000+0000,437
2019-07-30T00:00:00.000000+0000,486
2019-07-31T00:00:00.000000+0000,456
2019-08-01T00:00:00.000000+0000,435
2019-08-02T00:00:00.000000+0000,412
2019-08-03T00:00:00.000000+0000,458
2019-08-04T00:00:00.000000+0000,507
2019-08-05T00:00:00.000000+0000,457
2019-08-06T00:00:00.000000+0000,443
2019-08-07T00:00:00.000000+0000,461
2019-08-08T00:00:00.000000+0000,471
2019-08-09T00:00:00.000000+0000,502
2019-08-10T00:00:00.000000+0000,480
2019-08-11T00:00:00.000000+0000,456
2019-08-12T00:00:00.000000+0000,483
2019-08-13T00:00:00.000000+0000,461
2019-08-14T00:00:00.000000+0000,474
2019-08-15T00:00:00.000000+0000,513
2019-08-16T00:00:00.000000+0000,443
2019-08-17T00:00:00.000000+0000,457
2019-08-18T00:00:00.000000+0000,388
2019-08-19T00:00:00.000000+0000,521
2019-08-20T00:00:00.000000+0000,491
2019-08-21T00:00:00.000000+0000,511
2019-08-22T00:00:00.000000+0000,502
2019-08-23T00:00:00.000000+0000,449
2019-08-24T00:00:00.000000+0000,551
2019-08-25T00:00:00.000000+0000,477
2019-08-26T00:00:00.000000+0000,497
2019-08-27T00:00:00.000000+0000,414
2019-08-28T00:00:00.000000+0000,417
2019-08-29T00:00:00.000000+0000,464
2019-08-30T00:00:00.000000+0000,443
2019-08-31T00:00:00.000000+0000,424
2019-09-01T00:00:00.000000+0000,449
2019-09-02T00:00:00.000000+0000,469
2019-09-03T00:00:00.000000+0000,491
2019-09-04T00:00:00.000000+0000,529
2019-09-05T00:00:00.000000+0000,453
2019-09-06T00:00:00.000000+0000,414
2019-09-07T00:00:00.000000+0000,494
2019-09-08T00:00:00.000000+0000,400
2019-09-09T00:00:00.000000+0000,400
2019-09-10T00:00:00.000000+0000,534
2019-09-11T00:00:00.000000+0000,476
2019-09-12T00:00:00.000000+0000,471
2019-09-13T00:00:00.000000+0000,412
2019-09-14T00:00:00.000000+0000,411
2019-09-15T00:00:00.000000+0000,455
2019-09-16T00:00:00.000000+0000,472
2019-09-17T00:00:00.000000+0000,483
2019-09-18T00:00:00.000000+0000,424
2019-09-19T00:00:00.000000+0000,550
2019-09-20T00:00:00.000000+0000,470
2019-09-21T00:00:00.000000+0000,459
2019-09-22T00:00:00.000000+0000,494
2019-09-23T00:00:00.000000+0000,495
2019-09-24T00:00:00.000000+0000,390
2019-09-25T00:00:00.000000+0000,514
2019-09-26T00:00:00.000000+0000,543
2019-09-27T00:00:00.000000+0000,499
2019-09-28T00:00:00.000000+0000,445
2019-09-29T00:00:00.000000+0000,595
2019-09-30T00:00:00.000000+0000,418
2019-10-01T00:00:00.000000+0000,479
2019-10-02T00:00:00.000000+0000,456
2019-10-03T00:00:00.000000+0000,501
2019-10-04T00:00:00.000000+0000,398
2019-10-05T00:00:00.000000+0000,429
2019-10-06T00:00:00.000000+0000,479
2019-10-07T00:00:00.000000+0000,601
2019-10-08T00:00:00.000000+0000,489
2019-10-09T00:00:00.000000+0000,484
2019-10-10T00:00:00.000000+0000,471
2019-10-11T00:00:00.000000+0000,535
2019-10-12T00:00:00.000000+0000,493
2019-10-13T00:00:00.000000+0000,446
2019-10-14T00:00:00.000000+0000,451
2019-10-15T00:00:00.000000+0000,530
2019-10-16T00:00:00.000000+0000,522
2019-10-17T00:00:00.000000+0000,450
2019-10-18T00:00:00.000000+0000,525
2019-10-19T00:00:00.000000+0000,494
2019-10-20T00:00:00.000000+0000,429
2019-10-21T00:00:00.000000+0000,467
2019-10-22T00:00:00.000000+0000,470
2019-10-23T00:00:00.000000+0000,529
2019-10-24T00:00:00.000000+0000,478
2019-10-25T00:00:00.000000+0000,434
2019-10-26T00:00:00.000000+0000,413
2019-10-27T00:00:00.000000+0000,540
2019-10-28T00:00:00.000000+0000,516
2019-10-29T00:00:00.000000+0000,422
2019-10-30T00:00:00.000000+0000,556
2019-10-31T00:00:00.000000+0000,498
2019-11-01T00:00:00.000000+0000,500
2019-11-02T00:00:00.000000+0000,534
2019-11-03T00:00:00.000000+0000,593
2019-11-04T00:00:00.000000+0000,498
2019-11-05T00:00:00.000000+0000,562
2019-11-06T00:00:00.000000+0000,570
2019-11-07T00:00:00.000000+0000,490
2019-11-08T00:00:00.000000+0000,517
2019-11-09T00:00:00.000000+0000,454
2019-11-10T00:00:00.000000+0000,524
2019-11-11T00:00:00.000000+0000,502
2019-11-12T00:00:00.000000+0000,408
2019-11-13T00:00:00.000000+0000,551
2019-11-14T00:00:00.000000+0000,510
2019-11-15T00:00:00.000000+0000,414
2019-11-16T00:00:00.000000+0000,447
2019-11-17T00:00:00.000000+0000,441
2019-11-18T00:00:00.000000+0000,548
2019-11-19T00:00:00.000000+0000,447
2019-11-20T00:00:00.000000+0000,606
2019-11-21T00:00:00.000000+0000,424
2019-11-22T00:00:00.000000+0000,519
2019-11-23T00:00:00.000000+0000,451
2019-11-24T00:00:00.000000+0000,514
2019-11-25T00:00:00.000000+0000,433
2019-11-26T00:00:00.000000+0000,587
2019-11-27T00:00:00.000000+0000,468
2019-11-28T00:00:00.000000+0000,491
2019-11-29T00:00:00.000000+0000,482
2019-11-30T00:00:00.000000+0000,444
2019-12-01T00:00:00.000000+0000,600
2019-12-02T00:00:00.000000+0000,389
2019-12-03T00:00:00.000000+0000,553
2019-12-04T00:00:00.000000+0000,446
2019-12-05T00:00:00.000000+0000,497
2019-12-06T00:00:00.000000+0000,526
2019-12-07T00:00:00.000000+0000,514
2019-12-08T00:00:00.000000+0000,464
2019-12-09T00:00:00.000000+0000,483
2019-12-10T00:00:00.000000+0000,446
2019-12-11T00:00:00.000000+0000,441
2019-12-12T00:00:00.000000+0000,454
2019-12-13T00:00:00.000000+0000,469
2019-12-14T00:00:00.000000+0000,465
2019-12-15T00:00:00.000000+0000,440
2019-12-16T00:00:00.000000+0000,452
2019-12-17T00:00:00.000000+0000,432
2019-12-18T00:00:00.000000+0000,544
2019-12-19T00:00:00.000000+0000,481
2019-12-20T00:00:00.000000+0000,459
2019-12-21T00:00:00.000000+0000,612
2019-12-22T00:00:00.000000+0000,490
2019-12-23T00:00:00.000000+0000,474
2019-12-24T00:00:00.000000+0000,479
2019-12-25T00:00:00.000000+0000,496
2019-12-26T00:00:00.000000+0000,563
2019-12-27T00:00:00.000000+0000,498
2019-12-28T00:00:00.000000+0000,665
2019-12-29T00:00:00.000000+0000,532
2019-12-30T00:00:00.000000+0000,536
2019-12-31T00:00:00.000000+0000,523
2020-01-01T00:00:00.000000+0000,586
2020-01-02T00:00:00.000000+0000,568
2020-01-03T00:00:00.000000+0000,467
2020-01-04T00:00:00.000000+0000,640
2020-01-05T00:00:00.000000+0000,538
2020-01-06T00:00:00.000000+0000,478
2020-01-07T00:00:00.000000+0000,479
2020-01-08T00:00:00.000000+0000,560
2020-01-09T00:00:00.000000+0000,456
2020-01-10T00:00:00.000000+0000,566
2020-01-11T00:00:00.000000+0000,483
2020-01-12T00:00:00.000000+0000,469
2020-01-13T00:00:00.000000+0000,434
2020-01-14T00:00:00.000000+0000,532
2020-01-15T00:00:00.000000+0000,463
2020-01-16T00:00:00.000000+0000,532
2020-01-17T00:00:00.000000+0000,520
2020-01-18T00:00:00.000000+0000,507
2020-01-19T00:00:00.000000+0000,527
2020-01-20T00:00:00.000000+0000,542
2020-01-21T00:00:00.000000+0000,504
2020-01-22T00:00:00.000000+0000,474
2020-01-23T00:00:00.000000+0000,469
2020-01-24T00:00:00.000000+0000,605
2020-01-25T00:00:00.000000+0000,429
2020-01-26T00:00:00.000000+0000,451
2020-01-27T00:00:00.000000+0000,475
2020-01-28T00:00:00.000000+0000,526
2020-01-29T00:00:00.000000+0000,449
2020-01-30T00:00:00.000000+0000,520
2020-01-31T00:00:00.000000+0000,551
2020-02-01T00:00:00.000000+0000,422
2020-02-02T00:00:00.000000+0000,550
2020-02-03T00:00:00.000000+0000,547
2020-02-04T00:00:00.000000+0000,434
2020-02-05T00:00:00.000000+0000,510
2020-02-06T00:00:00.000000+0000,549
2020-02-07T00:00:00.000000+0000,561
2020-02-08T00:00:00.000000+0000,567
2020-02-09T00:00:00.000000+0000,578
2020-02-10T00:00:00.000000+0000,572
2020-02-11T00:00:00.000000+0000,505
2020-02-12T00:00:00.000000+0000,523
2020-02-13T00:00:00.000000+0000,530
2020-02-14T00:00:00.000000+0000,508
2020-02-15T00:00:00.000000+0000,521
2020-02-16T00:00:00.000000+0000,530
2020-02-17T00:00:00.000000+0000,528
2020-02-18T00:00:00.000000+0000,541
2020-02-19T00:00:00.000000+0000,617
2020-02-20T00:00:00.000000+0000,563
2020-02-21T00:00:00.000000+0000,523
2020-02-22T00:00:00.000000+0000,509
2020-02-23T00:00:00.000000+0000,499
2020-02-24T00:00:00.000000+0000,517
2020-02-25T00:00:00.000000+0000,480
2020-02-26T00:00:00.000000+0000,488
2020-02-27T00:00:00.000000+0000,570
2020-02-28T00:00:00.000000+0000,502
2020-02-29T00:00:00.000000+0000,443
2020-03-01T00:00:00.000000+0000,569
2020-03-02T00:00:00.000000+0000,498
2020-03-03T00:00:00.000000+0000,476
2020-03-04T00:00:00.000000+0000,547
2020-03-05T00:00:00.000000+0000,587
2020-03-06T00:00:00.000000+0000,480
2020-03-07T00:00:00.000000+0000,533
2020-03-08T00:00:00.000000+0000,540
2020-03-09T00:00:00.000000+0000,499
2020-03-10T00:00:00.000000+0000,518
2020-03-11T00:00:00.000000+0000,449
2020-03-12T00:00:00.000000+0000,580
2020-03-13T00:00:00.000000+0000,548
2020-03-14T00:00:00.000000+0000,442
2020-03-15T00:00:00.000000+0000,600
2020-03-16T00:00:00.000000+0000,609
2020-03-17T00:00:00.000000+0000,482
2020-03-18T00:00:00.000000+0000,511
2020-03-19T00:00:00.000000+0000,555
2020-03-20T00:00:00.000000+0000,414
2020-03-21T00:00:00.000000+0000,484
2020-03-22T00:00:00.000000+0000,590
2020-03-23T00:00:00.000000+0000,469
2020-03-24T00:00:00.000000+0000,452
2020-03-25T00:00:00.000000+0000,631
2020-03-26T00:00:00.000000+0000,542
2020-03-27T00:00:00.000000+0000,464
2020-03-28T00:00:00.000000+0000,531
2020-03-29T00:00:00.000000+0000,531
2020-03-30T00:00:00.000000+0000,496
2020-03-31T00:00:00.000000+0000,622
2020-04-01T00:00:00.000000+0000,440
2020-04-02T00:00:00.000000+0000,536
2020-04-03T00:00:00.000000+0000,422
2020-04-04T00:00:00.000000+0000,551
2020-04-05T00:00:00.000000+0000,574
2020-04-06T00:00:00.000000+0000,566
2020-04-07T00:00:00.000000+0000,568
2020-04-08T00:00:00.000000+0000,481
2020-04-09T00:00:00.000000+0000,492
2020-04-10T00:00:00.000000+0000,521
2020-04-11T00:00:00.000000+0000,525
2020-04-12T00:00:00.000000+0000,484
2020-04-13T00:00:00.000000+0000,588
2020-04-14T00:00:00.000000+0000,448
2020-04-15T00:00:00.000000+0000,411
2020-04-16T00:00:00.000000+0000,480
2020-04-17T00:00:00.000000+0000,526
2020-04-18T00:00:00.000000+0000,592
2020-04-19T00:00:00.000000+0000,495
2020-04-20T00:00:00.000000+0000,588
2020-04-21T00:00:00.000000+0000,565
2020-04-22T00:00:00.000000+0000,551
2020-04-23T00:00:00.000000+0000,505
2020-04-24T00:00:00.000000+0000,532
2020-04-25T00:00:00.000000+0000,516
2020-04-26T00:00:00.000000+0000,541
2020-04-27T00:00:00.000000+0000,499
2020-04-28T00:00:00.000000+0000,500
2020-04-29T00:00:00.000000+0000,539
2020-04-30T00:00:00.000000+0000,515
2020-05-01T00:00:00.000000+0000,579
2020-05-02T00:00:00.000000+0000,575
2020-05-03T00:00:00.000000+0000,411
2020-05-04T00:00:00.000000+0000,545
2020-05-05T00:00:00.000000+0000,489
2020-05-06T00:00:00.000000+0000,592
2020-05-07T00:00:00.000000+0000,489
2020-05-08T00:00:00.000000+0000,536
2020-05-09T00:00:00.000000+0000,526
2020-05-10T00:00:00.000000+0000,493
2020-05-11T00:00:00.000000+0000,521
2020-05-12T00:00:00.000000+0000,585
2020-05-13T00:00:00.000000+0000,631
2020-05-14T00:00:00.000000+0000,499
2020-05-15T00:00:00.000000+0000,513
2020-05-16T00:00:00.000000+0000,460
2020-05-17T00:00:00.000000+0000,535
2020-05-18T00:00:00.000000+0000,502
2020-05-19T00:00:00.000000+0000,550
2020-05-20T00:00:00.000000+0000,625
2020-05-21T00:00:00.000000+0000,454
2020-05-22T00:00:00.000000+0000,482
2020-05-23T00:00:00.000000+0000,517
2020-05-24T00:00:00.000000+0000,531
2020-05-25T00:00:00.000000+0000,525
2020-05-26T00:00:00.000000+0000,519
2020-05-27T00:00:00.000000+0000,545
2020-05-28T00:00:00.000000+0000,602
2020-05-29T00:00:00.000000+0000,600
2020-05-30T00:00:00.000000+0000,555
2020-05-31T00:00:00.000000+0000,498
2020-06-01T00:00:00.000000+0000,487
2020-06-02T00:00:00.000000+0000,470
2020-06-03T00:00:00.000000+0000,526
2020-06-04T00:00:00.000000+0000,580
2020-06-05T00:00:00.000000+0000,514
2020-06-06T00:00:00.000000+0000,600
2020-06-07T00:00:00.000000+0000,483
2020-06-08T00:00:00.000000+0000,576
2020-06-09T00:00:00.000000+0000,556
2020-06-10T00:00:00.000000+0000,603
2020-06-11T00:00:00.000000+0000,567
2020-06-12T00:00:00.000000+0000,478
2020-06-13T00:00:00.000000+0000,525
2020-06-14T00:00:00.000000+0000,505
2020-06-15T00:00:00.000000+0000,580
2020-06-16T00:00:00.000000+0000,536
2020-06-17T00:00:00.000000+0000,553
2020-06-18T00:00:00.000000+0000,634
2020-06-19T00:00:00.000000+0000,509
2020-06-20T00:00:00.000000+0000,632
2020-06-21T00:00:00.000000+0000,576
2020-06-22T00:00:00.000000+0000,525
2020-06-23T00:00:00.000000+0000,598
2020-06-24T00:00:00.000000+0000,647
2020-06-25T00:00:00.000000+0000,657
2020-06-26T00:00:00.000000+0000,466
2020-06-27T00:00:00.000000+0000,602
2020-06-28T00:00:00.000000+0000,501
2020-06-29T00:00:00.000000+0000,588
2020-06-30T00:00:00.000000+0000,507
2020-07-01T00:00:00.000000+0000,701
2020-07-02T00:00:00.000000+0000,590
2020-07-03T00:00:00.000000+0000,560
2020-07-04T00:00:00.000000+0000,490
2020-07-05T00:00:00.000000+0000,595
2020-07-06T00:00:00.000000+0000,614
2020-07-07T00:00:00.000000+0000,566
2020-07-08T00:00:00.000000+0000,471
2020-07-09T00:00:00.000000+0000,642
2020-07-10T00:00:00.000000+0000,567
2020-07-11T00:00:00.000000+0000,633
2020-07-12T00:00:00.000000+0000,426
2020-07-13T00:00:00.000000+0000,626
2020-07-14T00:00:00.000000+0000,414
2020-07-15T00:00:00.000000+0000,561
2020-07-16T00:00:00.000000+0000,498
2020-07-17T00:00:00.000000+0000,597
2020-07-18T00:00:00.000000+0000,571
2020-07-19T00:00:00.000000+0000,533
2020-07-20T00:00:00.000000+0000,574
2020-07-21T00:00:00.000000+0000,645
2020-07-22T00:00:00.000000+0000,530
2020-07-23T00:00:00.000000+0000,531
2020-07-24T00:00:00.000000+0000,600
2020-07-25T00:00:00.000000+0000,593
2020-07-26T00:00:00.000000+0000,528
2020-07-27T00:00:00.000000+0000,450
2020-07-28T00:00:00.000000+0000,561
2020-07-29T00:00:00.000000+0000,557
2020-07-30T00:00:00.000000+0000,545
2020-07-31T00:00:00.000000+0000,564
2020-08-01T00:00:00.000000+0000,541
2020-08-02T00:00:00.000000+0000,486
2020-08-03T00:00:00.000000+0000,574
2020-08-04T00:00:00.000000+0000,605
2020-08-05T00:00:00.000000+0000,565
2020-08-06T00:00:00.000000+0000,516
2020-08-07T00:00:00.000000+0000,655
2020-08-08T00:00:00.000000+0000,518
2020-08-09T00:00:00.000000+0000,554
2020-08-10T00:00:00.000000+0000,481
2020-08-11T00:00:00.000000+0000,452
2020-08-12T00:00:00.000000+0000,523
2020-08-13T00:00:00.000000+0000,497
2020-08-14T00:00:00.000000+0000,559
2020-08-15T00:00:00.000000+0000,541
2020-08-16T00:00:00.000000+0000,559
2020-08-17T00:00:00.000000+0000,513
2020-08-18T00:00:00.000000+0000,507
2020-08-19T00:00:00.000000+0000,612
2020-08-20T00:00:00.000000+0000,603
2020-08-21T00:00:00.000000+0000,513
2020-08-22T00:00:00.000000+0000,666
2020-08-23T00:00:00.000000+0000,527
2020-08-24T00:00:00.000000+0000,536
2020-08-25T00:00:00.000000+0000,546
2020-08-26T00:00:00.000000+0000,475
2020-08-27T00:00:00.000000+0000,515
2020-08-28T00:00:00.000000+0000,510
2020-08-29T00:00:00.000000+0000,612
2020-08-30T00:00:00.000000+0000,630
2020-08-31T00:00:00.000000+0000,428
2020-09-01T00:00:00.000000+0000,487
2020-09-02T00:00:00.000000+0000,578
2020-09-03T00:00:00.000000+0000,451
2020-09-04T00:00:00.000000+0000,485
2020-09-05T00:00:00.000000+0000,585
2020-09-06T00:00:00.000000+0000,669
2020-09-07T00:00:00.000000+0000,622
2020-09-08T00:00:00.000000+0000,508
2020-09-09T00:00:00.000000+0000,706
2020-09-10T00:00:00.000000+0000,534
2020-09-11T00:00:00.000000+0000,584
2020-09-12T00:00:00.000000+0000,573
2020-09-13T00:00:00.000000+0000,504
2020-09-14T00:00:00.000000+0000,531
2020-09-15T00:00:00.000000+0000,541
2020-09-16T00:00:00.000000+0000,561
2020-09-17T00:00:00.000000+0000,640
2020-09-18T00:00:00.000000+0000,521
2020-09-19T00:00:00.000000+0000,506
2020-09-20T00:00:00.000000+0000,570
2020-09-21T00:00:00.000000+0000,574
2020-09-22T00:00:00.000000+0000,630
2020-09-23T00:00:00.000000+0000,535
2020-09-24T00:00:00.000000+0000,588
2020-09-25T00:00:00.000000+0000,525
2020-09-26T00:00:00.000000+0000,575
2020-09-27T00:00:00.000000+0000,502
2020-09-28T00:00:00.000000+0000,530
2020-09-29T00:00:00.000000+0000,609
2020-09-30T00:00:00.000000+0000,656
2020-10-01T00:00:00.000000+0000,561
2020-10-02T00:00:00.000000+0000,614
2020-10-03T00:00:00.000000+0000,507
2020-10-04T00:00:00.000000+0000,690
2020-10-05T00:00:00.000000+0000,516
2020-10-06T00:00:00.000000+0000,616
2020-10-07T00:00:00.000000+0000,525
2020-10-08T00:00:00.000000+0000,540
2020-10-09T00:00:00.000000+0000,572
2020-10-10T00:00:00.000000+0000,612
2020-10-11T00:00:00.000000+0000,544
2020-10-12T00:00:00.000000+0000,542
2020-10-13T00:00:00.000000+0000,458
2020-10-14T00:00:00.000000+0000,597
2020-10-15T00:00:00.000000+0000,492
2020-10-16T00:00:00.000000+0000,475
2020-10-17T00:00:00.000000+0000,559
2020-10-18T00:00:00.000000+0000,590
2020-10-19T00:00:00.000000+0000,575
2020-10-20T00:00:00.000000+0000,605
2020-10-21T00:00:00.000000+0000,478
2020-10-22T00:00:00.000000+0000,596
2020-10-23T00:00:00.000000+0000,600
2020-10-24T00:00:00.000000+0000,471
2020-10-25T00:00:00.000000+0000,490
2020-10-26T00:00:00.000000+0000,633
2020-10-27T00:00:00.000000+0000,576
2020-10-28T00:00:00.000000+0000,549
2020-10-29T00:00:00.000000+0000,592
2020-10-30T00:00:00.000000+0000,624
2020-10-31T00:00:00.000000+0000,649
2020-11-01T00:00:00.000000+0000,560
2020-11-02T00:00:00.000000+0000,475
2020-11-03T00:00:00.000000+0000,587
2020-11-04T00:00:00.000000+0000,451
2020-11-05T00:00:00.000000+0000,478
2020-11-06T00:00:00.000000+0000,585
2020-11-07T00:00:00.000000+0000,534
2020-11-08T00:00:00.000000+0000,485
2020-11-09T00:00:00.000000+0000,559
2020-11-10T00:00:00.000000+0000,506
2020-11-11T00:00:00.000000+0000,574
2020-11-12T00:00:00.000000+0000,605
2020-11-13T00:00:00.000000+0000,512
2020-11-14T00:00:00.000000+0000,591
2020-11-15T00:00:00.000000+0000,580
2020-11-16T00:00:00.000000+0000,709
2020-11-17T00:00:00.000000+0000,668
2020-11-18T00:00:00.000000+0000,484
2020-11-19T00:00:00.000000+0000,543
2020-11-20T00:00:00.000000+0000,608
2020-11-21T00:00:00.000000+0000,651
2020-11-22T00:00:00.000000+0000,527
2020-11-23T00:00:00.000000+0000,646
2020-11-24T00:00:00.000000+0000,573
2020-11-25T00:00:00.000000+0000,618
2020-11-26T00:00:00.000000+0000,588
2020-11-27T00:00:00.000000+0000,601
2020-11-28T00:00:00.000000+0000,566
2020-11-29T00:00:00.000000+0000,604
2020-11-30T00:00:00.000000+0000,514
2020-12-01T00:00:00.000000+0000,643
2020-12-02T00:00:00.000000+0000,576
2020-12-03T00:00:00.000000+0000,482
2020-12-04T00:00:00.000000+0000,642
2020-12-05T00:00:00.000000+0000,599
2020-12-06T00:00:00.000000+0000,618
2020-12-07T00:00:00.000000+0000,577
2020-12-08T00:00:00.000000+0000,563
2020-12-09T00:00:00.000000+0000,622
2020-12-10T00:00:00.000000+0000,584
2020-12-11T00:00:00.000000+0000,489
2020-12-12T00:00:00.000000+0000,543
2020-12-13T00:00:00.000000+0000,562
2020-12-14T00:00:00.000000+0000,596
2020-12-15T00:00:00.000000+0000,520
2020-12-16T00:00:00.000000+0000,650
2020-12-17T00:00:00.000000+0000,584
2020-12-18T00:00:00.000000+0000,681
2020-12-19T00:00:00.000000+0000,603
2020-12-20T00:00:00.000000+0000,643
2020-12-21T00:00:00.000000+0000,586
2020-12-22T00:00:00.000000+0000,539
2020-12-23T00:00:00.000000+0000,570
2020-12-24T00:00:00.000000+0000,519
2020-12-25T00:00:00.000000+0000,551
2020-12-26T00:00:00.000000+0000,672
2020-12-27T00:00:00.000000+0000,538
2020-12-28T00:00:00.000000+0000,626
2020-12-29T00:00:00.000000+0000,638
2020-12-30T00:00:00.000000+0000,724
2020-12-31T00:00:00.000000+0000,634
2021-01-01T00:00:00.000000+0000,518
2021-01-02T00:00:00.000000+0000,601
2021-01-03T00:00:00.000000+0000,698
2021-01-04T00:00:00.000000+0000,611
2021-01-05T00:00:00.000000+0000,649
2021-01-06T00:00:00.000000+0000,650
2021-01-07T00:00:00.000000+0000,654
2021-01-08T00:00:00.000000+0000,702
2021-01-09T00:00:00.000000+0000,502
2021-01-10T00:00:00.000000+0000,573
2021-01-11T00:00:00.000000+0000,609
2021-01-12T00:00:00.000000+0000,519
2021-01-13T00:00:00.000000+0000,567
2021-01-14T00:00:00.000000+0000,714
2021-01-15T00:00:00.000000+0000,676
2021-01-16T00:00:00.000000+0000,677
2021-01-17T00:00:00.000000+0000,486
2021-01-18T00:00:00.000000+0000,633
2021-01-19T00:00:00.000000+0000,515
2021-01-20T00:00:00.000000+0000,632
2021-01-21T00:00:00.000000+0000,510
2021-01-22T00:00:00.000000+0000,673
2021-01-23T00:00:00.000000+0000,569
2021-01-24T00:00:00.000000+0000,655
2021-01-25T00:00:00.000000+0000,685
2021-01-26T00:00:00.000000+0000,683
2021-01-27T00:00:00.000000+0000,752
2021-01-28T00:00:00.000000+0000,555
2021-01-29T00:00:00.000000+0000,733
2021-01-30T00:00:00.000000+0000,537
2021-01-31T00:00:00.000000+0000,536
2021-02-01T00:00:00.000000+0000,542
2021-02-02T00:00:00.000000+0000,663
2021-02-03T00:00:00.000000+0000,629
2021-02-04T00:00:00.000000+0000,629
2021-02-05T00:00:00.000000+0000,477
2021-02-06T00:00:00.000000+0000,575
2021-02-07T00:00:00.000000+0000,533
2021-02-08T00:00:00.000000+0000,755
2021-02-09T00:00:00.000000+0000,594
2021-02-10T00:00:00.000000+0000,524
2021-02-11T00:00:00.000000+0000,475
2021-02-12T00:00:00.000000+0000,483
2021-02-13T00:00:00.000000+0000,654
2021-02-14T00:00:00.000000+0000,675
2021-02-15T00:00:00.000000+0000,578
2021-02-16T00:00:00.000000+0000,496
2021-02-17T00:00:00.000000+0000,647
2021-02-18T00:00:00.000000+0000,654
2021-02-19T00:00:00.000000+0000,623
2021-02-20T00:00:00.000000+0000,515
2021-02-21T00:00:00.000000+0000,569
2021-02-22T00:00:00.000000+0000,552
2021-02-23T00:00:00.000000+0000,601
2021-02-24T00:00:00.000000+0000,562
2021-02-25T00:00:00.000000+0000,559
2021-02-26T00:00:00.000000+0000,643
2021-02-27T00:00:00.000000+0000,677
2021-02-28T00:00:00.000000+0000,767
2021-03-01T00:00:00.000000+0000,613
2021-03-02T00:00:00.000000+0000,566
2021-03-03T00:00:00.000000+0000,686
2021-03-04T00:00:00.000000+0000,608
2021-03-05T00:00:00.000000+0000,530
2021-03-06T00:00:00.000000+0000,716
2021-03-07T00:00:00.000000+0000,699
2021-03-08T00:00:00.000000+0000,553
2021-03-09T00:00:00.000000+0000,515
2021-03-10T00:00:00.000000+0000,653
2021-03-11T00:00:00.000000+0000,570
2021-03-12T00:00:00.000000+0000,573
2021-03-13T00:00:00.000000+0000,697
2021-03-14T00:00:00.000000+0000,688
2021-03-15T00:00:00.000000+0000,632
2021-03-16T00:00:00.000000+0000,727
2021-03-17T00:00:00.000000+0000,639
2021-03-18T00:00:00.000000+0000,634
2021-03-19T00:00:00.000000+0000,753
2021-03-20T00:00:00.000000+0000,656
2021-03-21T00:00:00.000000+0000,654
2021-03-22T00:00:00.000000+0000,671
2021-03-23T00:00:00.000000+0000,692
2021-03-24T00:00:00.000000+0000,585
2021-03-25T00:00:00.000000+0000,639
2021-03-26T00:00:00.000000+0000,752
2021-03-27T00:00:00.000000+0000,608
2021-03-28T00:00:00.000000+0000,547
2021-03-29T00:00:00.000000+0000,570
2021-03-30T00:00:00.000000+0000,494
2021-03-31T00:00:00.000000+0000,575
2021-04-01T00:00:00.000000+0000,531
2021-04-02T00:00:00.000000+0000,590
2021-04-03T00:00:00.000000+0000,633
2021-04-04T00:00:00.000000+0000,647
2021-04-05T00:00:00.000000+0000,622
2021-04-06T00:00:00.000000+0000,705
2021-04-07T00:00:00.000000+0000,555
2021-04-08T00:00:00.000000+0000,572
2021-04-09T00:00:00.000000+0000,542
2021-04-10T00:00:00.000000+0000,571
2021-04-11T00:00:00.000000+0000,588
2021-04-12T00:00:00.000000+0000,654
2021-04-13T00:00:00.000000+0000,599
2021-04-14T00:00:00.000000+0000,633
2021-04-15T00:00:00.000000+0000,684
2021-04-16T00:00:00.000000+0000,650
2021-04-17T00:00:00.000000+0000,548
2021-04-18T00:00:00.000000+0000,501
2021-04-19T00:00:00.000000+0000,690
2021-04-20T00:00:00.000000+0000,672
2021-04-21T00:00:00.000000+0000,671
2021-04-22T00:00:00.000000+0000,564
2021-04-23T00:00:00.000000+0000,659
2021-04-24T00:00:00.000000+0000,503
2021-04-25T00:00:00.000000+0000,628
2021-04-26T00:00:00.000000+0000,582
2021-04-27T00:00:00.000000+0000,667
2021-04-28T00:00:00.000000+0000,600
2021-04-29T00:00:00.000000+0000,660
2021-04-30T00:00:00.000000+0000,513
2021-05-01T00:00:00.000000+0000,557
2021-05-02T00:00:00.000000+0000,587
2021-05-03T00:00:00.000000+0000,598
2021-05-04T00:00:00.000000+0000,534
2021-05-05T00:00:00.000000+0000,544
2021-05-06T00:00:00.000000+0000,581
2021-05-07T00:00:00.000000+0000,644
2021-05-08T00:00:00.000000+0000,558
2021-05-09T00:00:00.000000+0000,571
2021-05-10T00:00:00.000000+0000,620
2021-05-11T00:00:00.000000+0000,540
2021-05-12T00:00:00.000000+0000,582
2021-05-13T00:00:00.000000+0000,602
2021-05-14T00:00:00.000000+0000,518
2021-05-15T00:00:00.000000+0000,539
2021-05-16T00:00:00.000000+0000,605
2021-05-17T00:00:00.000000+0000,704
2021-05-18T00:00:00.000000+0000,558
2021-05-19T00:00:00.000000+0000,640
2021-05-20T00:00:00.000000+0000,586
2021-05-21T00:00:00.000000+0000,587
2021-05-22T00:00:00.000000+0000,570
2021-05-23T00:00:00.000000+0000,642
2021-05-24T00:00:00.000000+0000,783
2021-05-25T00:00:00.000000+0000,496
2021-05-26T00:00:00.000000+0000,673
2021-05-27T00:00:00.000000+0000,646
2021-05-28T00:00:00.000000+0000,633
2021-05-29T00:00:00.000000+0000,577
2021-05-30T00:00:00.000000+0000,674
2021-05-31T00:00:00.000000+0000,677
2021-06-01T00:00:00.000000+0000,694
2021-06-02T00:00:00.000000+0000,690
2021-06-03T00:00:00.000000+0000,593
2021-06-04T00:00:00.000000+0000,708
2021-06-05T00:00:00.000000+0000,675
2021-06-06T00:00:00.000000+0000,735
2021-06-07T00:00:00.000000+0000,648
2021-06-08T00:00:00.000000+0000,889
2021-06-09T00:00:00.000000+0000,585
2021-06-10T00:00:00.000000+0000,576
2021-06-11T00:00:00.000000+0000,567
2021-06-12T00:00:00.000000+0000,618
2021-06-13T00:00:00.000000+0000,741
2021-06-14T00:00:00.000000+0000,682
2021-06-15T00:00:00.000000+0000,595
2021-06-16T00:00:00.000000+0000,696
2021-06-17T00:00:00.000000+0000,578
2021-06-18T00:00:00.000000+0000,574
2021-06-19T00:00:00.000000+0000,613
2021-06-20T00:00:00.000000+0000,704
2021-06-21T00:00:00.000000+0000,706
2021-06-22T00:00:00.000000+0000,673
2021-06-23T00:00:00.000000+0000,798
2021-06-24T00:00:00.000000+0000,712
2021-06-25T00:00:00.000000+0000,727
2021-06-26T00:00:00.000000+0000,710
2021-06-27T00:00:00.000000+0000,581
2021-06-28T00:00:00.000000+0000,684
2021-06-29T00:00:00.000000+0000,626
2021-06-30T00:00:00.000000+0000,621
2021-07-01T00:00:00.000000+0000,666
2021-07-02T00:00:00.000000+0000,608
2021-07-03T00:00:00.000000+0000,733
2021-07-04T00:00:00.000000+0000,627
2021-07-05T00:00:00.000000+0000,673
2021-07-06T00:00:00.000000+0000,593
2021-07-07T00:00:00.000000+0000,626
2021-07-08T00:00:00.000000+0000,611
2021-07-09T00:00:00.000000+0000,778
2021-07-10T00:00:00.000000+0000,569
2021-07-11T00:00:00.000000+0000,596
2021-07-12T00:00:00.000000+0000,658
2021-07-13T00:00:00.000000+0000,563
2021-07-14T00:00:00.000000+0000,563
2021-07-15T00:00:00.000000+0000,723
2021-07-16T00:00:00.000000+0000,711
2021-07-17T00:00:00.000000+0000,701
2021-07-18T00:00:00.000000+0000,797
2021-07-19T00:00:00.000000+0000,679
2021-07-20T00:00:00.000000+0000,546
2021-07-21T00:00:00.000000+0000,587
2021-07-22T00:00:00.000000+0000,607
2021-07-23T00:00:00.000000+0000,637
2021-07-24T00:00:00.000000+0000,583
2021-07-25T00:00:00.000000+0000,675
2021-07-26T00:00:00.000000+0000,578
2021-07-27T00:00:00.000000+0000,612
2021-07-28T00:00:00.000000+0000,630
2021-07-29T00:00:00.000000+0000,569
2021-07-30T00:00:00.000000+0000,718
2021-07-31T00:00:00.000000+0000,662
2021-08-01T00:00:00.000000+0000,682
2021-08-02T00:00:00.000000+0000,553
2021-08-03T00:00:00.000000+0000,653
2021-08-04T00:00:00.000000+0000,758
2021-08-05T00:00:00.000000+0000,655
2021-08-06T00:00:00.000000+0000,644
2021-08-07T00:00:00.000000+0000,651
2021-08-08T00:00:00.000000+0000,716
2021-08-09T00:00:00.000000+0000,522
2021-08-10T00:00:00.000000+0000,628
2021-08-11T00:00:00.000000+0000,679
2021-08-12T00:00:00.000000+0000,651
2021-08-13T00:00:00.000000+0000,621
2021-08-14T00:00:00.000000+0000,696
2021-08-15T00:00:00.000000+0000,703
2021-08-16T00:00:00.000000+0000,691
2021-08-17T00:00:00.000000+0000,578
2021-08-18T00:00:00.000000+0000,678
2021-08-19T00:00:00.000000+0000,576
2021-08-20T00:00:00.000000+0000,639
2021-08-21T00:00:00.000000+0000,559
2021-08-22T00:00:00.000000+0000,681
2021-08-23T00:00:00.000000+0000,618
2021-08-24T00:00:00.000000+0000,577
2021-08-25T00:00:00.000000+0000,625
2021-08-26T00:00:00.000000+0000,677
2021-08-27T00:00:00.000000+0000,601
2021-08-28T00:00:00.000000+0000,763
2021-08-29T00:00:00.000000+0000,580
2021-08-30T00:00:00.000000+0000,662
2021-08-31T00:00:00.000000+0000,585
2021-09-01T00:00:00.000000+0000,706
2021-09-02T00:00:00.000000+0000,645
2021-09-03T00:00:00.000000+0000,679
2021-09-04T00:00:00.000000+0000,727
2021-09-05T00:00:00.000000+0000,799
2021-09-06T00:00:00.000000+0000,758
2021-09-07T00:00:00.000000+0000,611
2021-09-08T00:00:00.000000+0000,846
2021-09-09T00:00:00.000000+0000,668
2021-09-10T00:00:00.000000+0000,645
2021-09-11T00:00:00.000000+0000,644
2021-09-12T00:00:00.000000+0000,633
2021-09-13T00:00:00.000000+0000,681
2021-09-14T00:00:00.000000+0000,651
2021-09-15T00:00:00.000000+0000,644
2021-09-16T00:00:00.000000+0000,592
2021-09-17T00:00:00.000000+0000,707
2021-09-18T00:00:00.000000+0000,608
2021-09-19T00:00:00.000000+0000,695
2021-09-20T00:00:00.000000+0000,621
2021-09-21T00:00:00.000000+0000,617
2021-09-22T00:00:00.000000+0000,672
2021-09-23T00:00:00.000000+0000,647
2021-09-24T00:00:00.000000+0000,788
2021-09-25T00:00:00.000000+0000,794
2021-09-26T00:00:00.000000+0000,730
2021-09-27T00:00:00.000000+0000,661
2021-09-28T00:00:00.000000+0000,609
2021-09-29T00:00:00.000000+0000,644
2021-09-30T00:00:00.000000+0000,658
2021-10-01T00:00:00.000000+0000,696
2021-10-02T00:00:00.000000+0000,733
2021-10-03T00:00:00.000000+0000,679
2021-10-04T00:00:00.000000+0000,717
2021-10-05T00:00:00.000000+0000,689
2021-10-06T00:00:00.000000+0000,739
2021-10-07T00:00:00.000000+0000,597
2021-10-08T00:00:00.000000+0000,605
2021-10-09T00:00:00.000000+0000,614
2021-10-10T00:00:00.000000+0000,654
2021-10-11T00:00:00.000000+0000,643
2021-10-12T00:00:00.000000+0000,661
2021-10-13T00:00:00.000000+0000,695
2021-10-14T00:00:00.000000+0000,623
2021-10-15T00:00:00.000000+0000,787
2021-10-16T00:00:00.000000+0000,607
2021-10-17T00:00:00.000000+0000,777
2021-10-18T00:00:00.000000+0000,596
2021-10-19T00:00:00.000000+0000,705
2021-10-20T00:00:00.000000+0000,743
2021-10-21T00:00:00.000000+0000,740
2021-10-22T00:00:00.000000+0000,802
2021-10-23T00:00:00.000000+0000,627
2021-10-24T00:00:00.000000+0000,686
2021-10-25T00:00:00.000000+0000,733
2021-10-26T00:00:00.000000+0000,642
2021-10-27T00:00:00.000000+0000,708
2021-10-28T00:00:00.000000+0000,627
2021-10-29T00:00:00.000000+0000,701
2021-10-30T00:00:00.000000+0000,674
2021-10-31T00:00:00.000000+0000,844
2021-11-01T00:00:00.000000+0000,625
2021-11-02T00:00:00.000000+0000,580
2021-11-03T00:00:00.000000+0000,665
2021-11-04T00:00:00.000000+0000,714
2021-11-05T00:00:00.000000+0000,744
2021-11-06T00:00:00.000000+0000,700
2021-11-07T00:00:00.000000+0000,685
2021-11-08T00:00:00.000000+0000,660
2021-11-09T00:00:00.000000+0000,596
2021-11-10T00:00:00.000000+0000,664
2021-11-11T00:00:00.000000+0000,673
2021-11-12T00:00:00.000000+0000,705
2021-11-13T00:00:00.000000+0000,626
2021-11-14T00:00:00.000000+0000,806
2021-11-15T00:00:00.000000+0000,605
2021-11-16T00:00:00.000000+0000,672
2021-11-17T00:00:00.000000+0000,590
2021-11-18T00:00:00.000000+0000,684
2021-11-19T00:00:00.000000+0000,652
2021-11-20T00:00:00.000000+0000,776
2021-11-21T00:00:00.000000+0000,797
2021-11-22T00:00:00.000000+0000,717
2021-11-23T00:00:00.000000+0000,793
2021-11-24T00:00:00.000000+0000,867
2021-11-25T00:00:00.000000+0000,656
2021-11-26T00:00:00.000000+0000,799
2021-11-27T00:00:00.000000+0000,601
2021-11-28T00:00:00.000000+0000,710
2021-11-29T00:00:00.000000+0000,689
2021-11-30T00:00:00.000000+0000,693
2021-12-01T00:00:00.000000+0000,711
2021-12-02T00:00:00.000000+0000,612
2021-12-03T00:00:00.000000+0000,629
2021-12-04T00:00:00.000000+0000,629
2021-12-05T00:00:00.000000+0000,680
2021-12-06T00:00:00.000000+0000,706
2021-12-07T00:00:00.000000+0000,672
2021-12-08T00:00:00.000000+0000,709
2021-12-09T00:00:00.000000+0000,756
2021-12-10T00:00:00.000000+0000,646
2021-12-11T00:00:00.000000+0000,897
2021-12-12T00:00:00.000000+0000,650
2021-12-13T00:00:00.000000+0000,765
2021-12-14T00:00:00.000000+0000,596
2021-12-15T00:00:00.000000+0000,783
2021-12-16T00:00:00.000000+0000,719
2021-12-17T00:00:00.000000+0000,606
2021-12-18T00:00:00.000000+0000,688
2021-12-19T00:00:00.000000+0000,607
2021-12-20T00:00:00.000000+0000,852
2021-12-21T00:00:00.000000+0000,621
2021-12-22T00:00:00.000000+0000,590
2021-12-23T00:00:00.000000+0000,744
2021-12-24T00:00:00.000000+0000,634
2021-12-25T00:00:00.000000+0000,715
2021-12-26T00:00:00.000000+0000,733
2021-12-27T00:00:00.000000+0000,626
2021-12-28T00:00:00.000000+0000,678
2021-12-29T00:00:00.000000+0000,757
2021-12-30T00:00:00.000000+0000,562
2021-12-31T00:00:00.000000+0000,703
2022-01-01T00:00:00.000000+0000,597
2022-01-02T00:00:00.000000+0000,686
2022-01-03T00:00:00.000000+0000,702
2022-01-04T00:00:00.000000+0000,784
2022-01-05T00:00:00.000000+0000,633
2022-01-06T00:00:00.000000+0000,766
2022-01-07T00:00:00.000000+0000,703
2022-01-08T00:00:00.000000+0000,752
2022-01-09T00:00:00.000000+0000,713
2022-01-10T00:00:00.000000+0000,775
2022-01-11T00:00:00.000000+0000,696
2022-01-12T00:00:00.000000+0000,633
2022-01-13T00:00:00.000000+0000,567
2022-01-14T00:00:00.000000+0000,769
2022-01-15T00:00:00.000000+0000,631
2022-01-16T00:00:00.000000+0000,805
2022-01-17T00:00:00.000000+0000,746
2022-01-18T00:00:00.000000+0000,790
2022-01-19T00:00:00.000000+0000,658
2022-01-20T00:00:00.000000+0000,741
2022-01-21T00:00:00.000000+0000,590
2022-01-22T00:00:00.000000+0000,783
2022-01-23T00:00:00.000000+0000,825
2022-01-24T00:00:00.000000+0000,646
2022-01-25T00:00:00.000000+0000,716
2022-01-26T00:00:00.000000+0000,909
2022-01-27T00:00:00.000000+0000,679
2022-01-28T00:00:00.000000+0000,617
2022-01-29T00:00:00.000000+0000,780
2022-01-30T00:00:00.000000+0000,658
2022-01-31T00:00:00.000000+0000,837
2022-02-01T00:00:00.000000+0000,821
2022-02-02T00:00:00.000000+0000,776
2022-02-03T00:00:00.000000+0000,724
2022-02-04T00:00:00.000000+0000,580
2022-02-05T00:00:00.000000+0000,593
2022-02-06T00:00:00.000000+0000,841
2022-02-07T00:00:00.000000+0000,610
2022-02-08T00:00:00.000000+0000,752
2022-02-09T00:00:00.000000+0000,677
2022-02-10T00:00:00.000000+0000,857
2022-02-11T00:00:00.000000+0000,593
2022-02-12T00:00:00.000000+0000,648
2022-02-13T00:00:00.000000+0000,629
2022-02-14T00:00:00.000000+0000,816
2022-02-15T00:00:00.000000+0000,821
2022-02-16T00:00:00.000000+0000,714
2022-02-17T00:00:00.000000+0000,671
2022-02-18T00:00:00.000000+0000,647
2022-02-19T00:00:00.000000+0000,572
2022-02-20T00:00:00.000000+0000,707
2022-02-21T00:00:00.000000+0000,669
2022-02-22T00:00:00.000000+0000,757
2022-02-23T00:00:00.000000+0000,772
2022-02-24T00:00:00.000000+0000,631
2022-02-25T00:00:00.000000+0000,764
2022-02-26T00:00:00.000000+0000,696
2022-02-27T00:00:00.000000+0000,638
2022-02-28T00:00:00.000000+0000,782
2022-03-01T00:00:00.000000+0000,637
2022-03-02T00:00:00.000000+0000,621
2022-03-03T00:00:00.000000+0000,671
2022-03-04T00:00:00.000000+0000,720
2022-03-05T00:00:00.000000+0000,662
2022-03-06T00:00:00.000000+0000,765
2022-03-07T00:00:00.000000+0000,659
2022-03-08T00:00:00.000000+0000,604
2022-03-09T00:00:00.000000+0000,831
2022-03-10T00:00:00.000000+0000,780
2022-03-11T00:00:00.000000+0000,694
2022-03-12T00:00:00.000000+0000,649
2022-03-13T00:00:00.000000+0000,727
2022-03-14T00:00:00.000000+0000,648
2022-03-15T00:00:00.000000+0000,696
2022-03-16T00:00:00.000000+0000,783
2022-03-17T00:00:00.000000+0000,748
2022-03-18T00:00:00.000000+0000,724
2022-03-19T00:00:00.000000+0000,696
2022-03-20T00:00:00.000000+0000,774
2022-03-21T00:00:00.000000+0000,754
2022-03-22T00:00:00.000000+0000,661
2022-03-23T00:00:00.000000+0000,655
2022-03-24T00:00:00.000000+0000,630
2022-03-25T00:00:00.000000+0000,662
2022-03-26T00:00:00.000000+0000,712
2022-03-27T00:00:00.000000+0000,701
2022-03-28T00:00:00.000000+0000,804
2022-03-29T00:00:00.000000+0000,798
2022-03-30T00:00:00.000000+0000,767
2022-03-31T00:00:00.000000+0000,814
2022-04-01T00:00:00.000000+0000,737
2022-04-02T00:00:00.000000+0000,725
2022-04-03T00:00:00.000000+0000,722
2022-04-04T00:00:00.000000+0000,885
2022-04-05T00:00:00.000000+0000,1012
2022-04-06T00:00:00.000000+0000,801
2022-04-07T00:00:00.000000+0000,710
2022-04-08T00:00:00.000000+0000,680
2022-04-09T00:00:00.000000+0000,780
2022-04-10T00:00:00.000000+0000,733
2022-04-11T00:00:00.000000+0000,735
2022-04-12T00:00:00.000000+0000,549
2022-04-13T00:00:00.000000+0000,609
2022-04-14T00:00:00.000000+0000,705
2022-04-15T00:00:00.000000+0000,639
2022-04-16T00:00:00.000000+0000,755
2022-04-17T00:00:00.000000+0000,655
2022-04-18T00:00:00.000000+0000,593
2022-04-19T00:00:00.000000+0000,695
2022-04-20T00:00:00.000000+0000,726
2022-04-21T00:00:00.000000+0000,775
2022-04-22T00:00:00.000000+0000,728
2022-04-23T00:00:00.000000+0000,775
2022-04-24T00:00:00.000000+0000,672
2022-04-25T00:00:00.000000+0000,696
2022-04-26T00:00:00.000000+0000,698
2022-04-27T00:00:00.000000+0000,770
2022-04-28T00:00:00.000000+0000,610
2022-04-29T00:00:00.000000+0000,747
2022-04-30T00:00:00.000000+0000,701
2022-05-01T00:00:00.000000+0000,801
2022-05-02T00:00:00.000000+0000,682
2022-05-03T00:00:00.000000+0000,783
2022-05-04T00:00:00.000000+0000,752
2022-05-05T00:00:00.000000+0000,654
2022-05-06T00:00:00.000000+0000,713
2022-05-07T00:00:00.000000+0000,707
2022-05-08T00:00:00.000000+0000,689
2022-05-09T00:00:00.000000+0000,732
2022-05-10T00:00:00.000000+0000,728
2022-05-11T00:00:00.000000+0000,701
2022-05-12T00:00:00.000000+0000,722
2022-05-13T00:00:00.000000+0000,682
2022-05-14T00:00:00.000000+0000,720
2022-05-15T00:00:00.000000+0000,652
2022-05-16T00:00:00.000000+0000,796
2022-05-17T00:00:00.000000+0000,668
2022-05-18T00:00:00.000000+0000,757
2022-05-19T00:00:00.000000+0000,661
2022-05-20T00:00:00.000000+0000,746
2022-05-21T00:00:00.000000+0000,589
2022-05-22T00:00:00.000000+0000,766
2022-05-23T00:00:00.000000+0000,738
2022-05-24T00:00:00.000000+0000,941
2022-05-25T00:00:00.000000+0000,887
2022-05-26T00:00:00.000000+0000,817
2022-05-27T00:00:00.000000+0000,705
2022-05-28T00:00:00.000000+0000,661
2022-05-29T00:00:00.000000+0000,672
2022-05-30T00:00:00.000000+0000,681
2022-05-31T00:00:00.000000+0000,690
2022-06-01T00:00:00.000000+0000,673
2022-06-02T00:00:00.000000+0000,647
2022-06-03T00:00:00.000000+0000,680
2022-06-04T00:00:00.000000+0000,720
2022-06-05T00:00:00.000000+0000,786
2022-06-06T00:00:00.000000+0000,687
2022-06-07T00:00:00.000000+0000,686
2022-06-08T00:00:00.000000+0000,730
2022-06-09T00:00:00.000000+0000,965
2022-06-10T00:00:00.000000+0000,606
2022-06-11T00:00:00.000000+0000,753
2022-06-12T00:00:00.000000+0000,745
2022-06-13T00:00:00.000000+0000,765
2022-06-14T00:00:00.000000+0000,601
2022-06-15T00:00:00.000000+0000,710
2022-06-16T00:00:00.000000+0000,713
2022-06-17T00:00:00.000000+0000,779
2022-06-18T00:00:00.000000+0000,861
2022-06-19T00:00:00.000000+0000,734
2022-06-20T00:00:00.000000+0000,750
2022-06-21T00:00:00.000000+0000,835
2022-06-22T00:00:00.000000+0000,780
2022-06-23T00:00:00.000000+0000,909
2022-06-24T00:00:00.000000+0000,707
2022-06-25T00:00:00.000000+0000,877
2022-06-26T00:00:00.000000+0000,850
2022-06-27T00:00:00.000000+0000,725
2022-06-28T00:00:00.000000+0000,731
2022-06-29T00:00:00.000000+0000,625
2022-06-30T00:00:00.000000+0000,728
2022-07-01T00:00:00.000000+0000,857
2022-07-02T00:00:00.000000+0000,673
2022-07-03T00:00:00.000000+0000,601
2022-07-04T00:00:00.000000+0000,712
2022-07-05T00:00:00.000000+0000,764
2022-07-06T00:00:00.000000+0000,658
2022-07-07T00:00:00.000000+0000,637
2022-07-08T00:00:00.000000+0000,701
2022-07-09T00:00:00.000000+0000,759
2022-07-10T00:00:00.000000+0000,528
2022-07-11T00:00:00.000000+0000,714
2022-07-12T00:00:00.000000+0000,695
2022-07-13T00:00:00.000000+0000,605
2022-07-14T00:00:00.000000+0000,839
2022-07-15T00:00:00.000000+0000,732
2022-07-16T00:00:00.000000+0000,775
2022-07-17T00:00:00.000000+0000,746
2022-07-18T00:00:00.000000+0000,689
2022-07-19T00:00:00.000000+0000,676
2022-07-20T00:00:00.000000+0000,813
2022-07-21T00:00:00.000000+0000,934
2022-07-22T00:00:00.000000+0000,849
2022-07-23T00:00:00.000000+0000,711
2022-07-24T00:00:00.000000+0000,895
2022-07-25T00:00:00.000000+0000,732
2022-07-26T00:00:00.000000+0000,580
2022-07-27T00:00:00.000000+0000,675
2022-07-28T00:00:00.000000+0000,783
2022-07-29T00:00:00.000000+0000,878
2022-07-30T00:00:00.000000+0000,685
2022-07-31T00:00:00.000000+0000,837
2022-08-01T00:00:00.000000+0000,748
2022-08-02T00:00:00.000000+0000,659
2022-08-03T00:00:00.000000+0000,641
2022-08-04T00:00:00.000000+0000,679
2022-08-05T00:00:00.000000+0000,715
2022-08-06T00:00:00.000000+0000,796
2022-08-07T00:00:00.000000+0000,664
2022-08-08T00:00:00.000000+0000,682
2022-08-09T00:00:00.000000+0000,602
2022-08-10T00:00:00.000000+0000,761
2022-08-11T00:00:00.000000+0000,798
2022-08-12T00:00:00.000000+0000,615
2022-08-13T00:00:00.000000+0000,754
2022-08-14T00:00:00.000000+0000,701
2022-08-15T00:00:00.000000+0000,733
2022-08-16T00:00:00.000000+0000,697
2022-08-17T00:00:00.000000+0000,775
2022-08-18T00:00:00.000000+0000,791
2022-08-19T00:00:00.000000+0000,882
2022-08-20T00:00:00.000000+0000,712
2022-08-21T00:00:00.000000+0000,800
2022-08-22T00:00:00.000000+0000,695
2022-08-23T00:00:00.000000+0000,674
2022-08-24T00:00:00.000000+0000,821
2022-08-25T00:00:00.000000+0000,792
2022-08-26T00:00:00.000000+0000,915
2022-08-27T00:00:00.000000+0000,583
2022-08-28T00:00:00.000000+0000,933
2022-08-29T00:00:00.000000+0000,730
2022-08-30T00:00:00.000000+0000,755
2022-08-31T00:00:00.000000+0000,827
2022-09-01T00:00:00.000000+0000,866
2022-09-02T00:00:00.000000+0000,708
2022-09-03T00:00:00.000000+0000,617
2022-09-04T00:00:00.000000+0000,787
2022-09-05T00:00:00.000000+0000,821
2022-09-06T00:00:00.000000+0000,774
2022-09-07T00:00:00.000000+0000,795
2022-09-08T00:00:00.000000+0000,670
2022-09-09T00:00:00.000000+0000,880
2022-09-10T00:00:00.000000+0000,879
2022-09-11T00:00:00.000000+0000,787
2022-09-12T00:00:00.000000+0000,780
2022-09-13T00:00:00.000000+0000,639
2022-09-14T00:00:00.000000+0000,726
2022-09-15T00:00:00.000000+0000,767
2022-09-16T00:00:00.000000+0000,884
2022-09-17T00:00:00.000000+0000,822
2022-09-18T00:00:00.000000+0000,897
2022-09-19T00:00:00.000000+0000,699
2022-09-20T00:00:00.000000+0000,724
2022-09-21T00:00:00.000000+0000,850
2022-09-22T00:00:00.000000+0000,759
2022-09-23T00:00:00.000000+0000,689
2022-09-24T00:00:00.000000+0000,740
2022-09-25T00:00:00.000000+0000,850
2022-09-26T00:00:00.000000+0000,768
2022-09-27T00:00:00.000000+0000,1068
2022-09-28T00:00:00.000000+0000,669
2022-09-29T00:00:00.000000+0000,668
2022-09-30T00:00:00.000000+0000,856
2022-10-01T00:00:00.000000+0000,676
2022-10-02T00:00:00.000000+0000,850
2022-10-03T00:00:00.000000+0000,899
2022-10-04T00:00:00.000000+0000,718
2022-10-05T00:00:00.000000+0000,851
2022-10-06T00:00:00.000000+0000,797
2022-10-07T00:00:00.000000+0000,704
2022-10-08T00:00:00.000000+0000,795
2022-10-09T00:00:00.000000+0000,898
2022-10-10T00:00:00.000000+0000,920
2022-10-11T00:00:00.000000+0000,782
2022-10-12T00:00:00.000000+0000,701
2022-10-13T00:00:00.000000+0000,827
2022-10-14T00:00:00.000000+0000,805
2022-10-15T00:00:00.000000+0000,755
2022-10-16T00:00:00.000000+0000,1019
2022-10-17T00:00:00.000000+0000,830
2022-10-18T00:00:00.000000+0000,786
2022-10-19T00:00:00.000000+0000,669
2022-10-20T00:00:00.000000+0000,837
2022-10-21T00:00:00.000000+0000,796
2022-10-22T00:00:00.000000+0000,631
2022-10-23T00:00:00.000000+0000,854
2022-10-24T00:00:00.000000+0000,653
2022-10-25T00:00:00.000000+0000,660
2022-10-26T00:00:00.000000+0000,830
2022-10-27T00:00:00.000000+0000,833
2022-10-28T00:00:00.000000+0000,688
2022-10-29T00:00:00.000000+0000,754
2022-10-30T00:00:00.000000+0000,944
2022-10-31T00:00:00.000000+0000,758
2022-11-01T00:00:00.000000+0000,737
2022-11-02T00:00:00.000000+0000,811
2022-11-03T00:00:00.000000+0000,689
2022-11-04T00:00:00.000000+0000,717
2022-11-05T00:00:00.000000+0000,818
2022-11-06T00:00:00.000000+0000,955
2022-11-07T00:00:00.000000+0000,917
2022-11-08T00:00:00.000000+0000,721
2022-11-09T00:00:00.000000+0000,875
2022-11-10T00:00:00.000000+0000,896
2022-11-11T00:00:00.000000+0000,723
2022-11-12T00:00:00.000000+0000,671
2022-11-13T00:00:00.000000+0000,883
2022-11-14T00:00:00.000000+0000,842
2022-11-15T00:00:00.000000+0000,821
2022-11-16T00:00:00.000000+0000,832
2022-11-17T00:00:00.000000+0000,822
2022-11-18T00:00:00.000000+0000,854
2022-11-19T00:00:00.000000+0000,797
2022-11-20T00:00:00.000000+0000,809
2022-11-21T00:00:00.000000+0000,583
2022-11-22T00:00:00.000000+0000,780
2022-11-23T00:00:00.000000+0000,988
2022-11-24T00:00:00.000000+0000,857
2022-11-25T00:00:00.000000+0000,742
2022-11-26T00:00:00.000000+0000,1017
2022-11-27T00:00:00.000000+0000,884
2022-11-28T00:00:00.000000+0000,795
2022-11-29T00:00:00.000000+0000,755
2022-11-30T00:00:00.000000+0000,762
2022-12-01T00:00:00.000000+0000,755
2022-12-02T00:00:00.000000+0000,754
2022-12-03T00:00:00.000000+0000,821
2022-12-04T00:00:00.000000+0000,717
2022-12-05T00:00:00.000000+0000,727
2022-12-06T00:00:00.000000+0000,811
2022-12-07T00:00:00.000000+0000,838
2022-12-08T00:00:00.000000+0000,758
2022-12-09T00:00:00.000000+0000,749
2022-12-10T00:00:00.000000+0000,706
2022-12-11T00:00:00.000000+0000,802
2022-12-12T00:00:00.000000+0000,875
2022-12-13T00:00:00.000000+0000,751
2022-12-14T00:00:00.000000+0000,906
2022-12-15T00:00:00.000000+0000,847
2022-12-16T00:00:00.000000+0000,881
2022-12-17T00:00:00.000000+0000,718
2022-12-18T00:00:00.000000+0000,749
2022-12-19T00:00:00.000000+0000,904
2022-12-20T00:00:00.000000+0000,748
2022-12-21T00:00:00.000000+0000,718
2022-12-22T00:00:00.000000+0000,924
2022-12-23T00:00:00.000000+0000,814
2022-12-24T00:00:00.000000+0000,770
2022-12-25T00:00:00.000000+0000,1014
2022-12-26T00:00:00.000000+0000,820
2022-12-27T00:00:00.000000+0000,928
2022-12-28T00:00:00.000000+0000,713
2022-12-29T00:00:00.000000+0000,792
2022-12-30T00:00:00.000000+0000,779
2022-12-31T00:00:00.000000+0000,914
2023-01-01T00:00:00.000000+0000,765
2023-01-02T00:00:00.000000+0000,798
2023-01-03T00:00:00.000000+0000,706
2023-01-04T00:00:00.000000+0000,753
2023-01-05T00:00:00.000000+0000,812
2023-01-06T00:00:00.000000+0000,781
2023-01-07T00:00:00.000000+0000,1046
2023-01-08T00:00:00.000000+0000,963
2023-01-09T00:00:00.000000+0000,884
2023-01-10T00:00:00.000000+0000,735
2023-01-11T00:00:00.000000+0000,1132
2023-01-12T00:00:00.000000+0000,801
2023-01-13T00:00:00.000000+0000,855
2023-01-14T00:00:00.000000+0000,839
2023-01-15T00:00:00.000000+0000,748
2023-01-16T00:00:00.000000+0000,729
2023-01-17T00:00:00.000000+0000,694
2023-01-18T00:00:00.000000+0000,753
2023-01-19T00:00:00.000000+0000,947
2023-01-20T00:00:00.000000+0000,830
2023-01-21T00:00:00.000000+0000,878
2023-01-22T00:00:00.000000+0000,844
2023-01-23T00:00:00.000000+0000,791
2023-01-24T00:00:00.000000+0000,823
2023-01-25T00:00:00.000000+0000,799
2023-01-26T00:00:00.000000+0000,809
2023-01-27T00:00:00.000000+0000,845
2023-01-28T00:00:00.000000+0000,1222
2023-01-29T00:00:00.000000+0000,656
2023-01-30T00:00:00.000000+0000,800
2023-01-31T00:00:00.000000+0000,922
2023-02-01T00:00:00.000000+0000,800
2023-02-02T00:00:00.000000+0000,953
2023-02-03T00:00:00.000000+0000,758
2023-02-04T00:00:00.000000+0000,914
2023-02-05T00:00:00.000000+0000,809
2023-02-06T00:00:00.000000+0000,790
2023-02-07T00:00:00.000000+0000,949
2023-02-08T00:00:00.000000+0000,1023
2023-02-09T00:00:00.000000+0000,684
2023-02-10T00:00:00.000000+0000,849
2023-02-11T00:00:00.000000+0000,780
2023-02-12T00:00:00.000000+0000,900
2023-02-13T00:00:00.000000+0000,729
2023-02-14T00:00:00.000000+0000,886
2023-02-15T00:00:00.000000+0000,709
2023-02-16T00:00:00.000000+0000,772
2023-02-17T00:00:00.000000+0000,871
2023-02-18T00:00:00.000000+0000,681
2023-02-19T00:00:00.000000+0000,777
2023-02-20T00:00:00.000000+0000,978
2023-02-21T00:00:00.000000+0000,777
2023-02-22T00:00:00.000000+0000,756
2023-02-23T00:00:00.000000+0000,1098
2023-02-24T00:00:00.000000+0000,824
2023-02-25T00:00:00.000000+0000,887
2023-02-26T00:00:00.000000+0000,884
2023-02-27T00:00:00.000000+0000,813
2023-02-28T00:00:00.000000+0000,850
2023-03-01T00:00:00.000000+0000,762
2023-03-02T00:00:00.000000+0000,872
2023-03-03T00:00:00.000000+0000,1050
2023-03-04T00:00:00.000000+0000,1078
2023-03-05T00:00:00.000000+0000,954
2023-03-06T00:00:00.000000+0000,1095
2023-03-07T00:00:00.000000+0000,892
2023-03-08T00:00:00.000000+0000,1051
2023-03-09T00:00:00.000000+0000,927
2023-03-10T00:00:00.000000+0000,704
2023-03-11T00:00:00.000000+0000,786
2023-03-12T00:00:00.000000+0000,887
2023-03-13T00:00:00.000000+0000,864
2023-03-14T00:00:00.000000+0000,919
2023-03-15T00:00:00.000000+0000,874
2023-03-16T00:00:00.000000+0000,758
2023-03-17T00:00:00.000000+0000,855
2023-03-18T00:00:00.000000+0000,791
2023-03-19T00:00:00.000000+0000,882
2023-03-20T00:00:00.000000+0000,780
2023-03-21T00:00:00.000000+0000,888
2023-03-22T00:00:00.000000+0000,869
2023-03-23T00:00:00.000000+0000,925
2023-03-24T00:00:00.000000+0000,880
2023-03-25T00:00:00.000000+0000,882
2023-03-26T00:00:00.000000+0000,760
2023-03-27T00:00:00.000000+0000,853
2023-03-28T00:00:00.000000+0000,935
2023-03-29T00:00:00.000000+0000,941
2023-03-30T00:00:00.000000+0000,820
2023-03-31T00:00:00.000000+0000,856
2023-04-01T00:00:00.000000+0000,969
2023-04-02T00:00:00.000000+0000,948
2023-04-03T00:00:00.000000+0000,891
2023-04-04T00:00:00.000000+0000,939
2023-04-05T00:00:00.000000+0000,913
2023-04-06T00:00:00.000000+0000,874
2023-04-07T00:00:00.000000+0000,831
2023-04-08T00:00:00.000000+0000,871
2023-04-09T00:00:00.000000+0000,975
2023-04-10T00:00:00.000000+0000,898
2023-04-11T00:00:00.000000+0000,861
2023-04-12T00:00:00.000000+0000,797
2023-04-13T00:00:00.000000+0000,918
2023-04-14T00:00:00.000000+0000,1016
2023-04-15T00:00:00.000000+0000,1018
2023-04-16T00:00:00.000000+0000,890
2023-04-17T00:00:00.000000+0000,915
2023-04-18T00:00:00.000000+0000,974
2023-04-19T00:00:00.000000+0000,752
2023-04-20T00:00:00.000000+0000,822
2023-04-21T00:00:00.000000+0000,879
2023-04-22T00:00:00.000000+0000,879
2023-04-23T00:00:00.000000+0000,892
2023-04-24T00:00:00.000000+0000,962
2023-04-25T00:00:00.000000+0000,869
2023-04-26T00:00:00.000000+0000,1162
2023-04-27T00:00:00.000000+0000,850
2023-04-28T00:00:00.000000+0000,834
2023-04-29T00:00:00.000000+0000,898
2023-04-30T00:00:00.000000+0000,875
2023-05-01T00:00:00.000000+0000,957
2023-05-02T00:00:00.000000+0000,826
2023-05-03T00:00:00.000000+0000,777
2023-05-04T00:00:00.000000+0000,696
2023-05-05T00:00:00.000000+0000,751
2023-05-06T00:00:00.000000+0000,773
2023-05-07T00:00:00.000000+0000,920
2023-05-08T00:00:00.000000+0000,1021
2023-05-09T00:00:00.000000+0000,834
2023-05-10T00:00:00.000000+0000,1118
2023-05-11T00:00:00.000000+0000,705
2023-05-12T00:00:00.000000+0000,838
2023-05-13T00:00:00.000000+0000,856
2023-05-14T00:00:00.000000+0000,955
2023-05-15T00:00:00.000000+0000,1005
2023-05-16T00:00:00.000000+0000,900
2023-05-17T00:00:00.000000+0000,749
2023-05-18T00:00:00.000000+0000,1002
2023-05-19T00:00:00.000000+0000,922
2023-05-20T00:00:00.000000+0000,871
2023-05-21T00:00:00.000000+0000,806
2023-05-22T00:00:00.000000+0000,848
2023-05-23T00:00:00.000000+0000,651
2023-05-24T00:00:00.000000+0000,862
2023-05-25T00:00:00.000000+0000,875
2023-05-26T00:00:00.000000+0000,827
2023-05-27T00:00:00.000000+0000,1104
2023-05-28T00:00:00.000000+0000,800
2023-05-29T00:00:00.000000+0000,939
2023-05-30T00:00:00.000000+0000,865
2023-05-31T00:00:00.000000+0000,922
2023-06-01T00:00:00.000000+0000,843
2023-06-02T00:00:00.000000+0000,892
2023-06-03T00:00:00.000000+0000,789
2023-06-04T00:00:00.000000+0000,853
2023-06-05T00:00:00.000000+0000,1002
2023-06-06T00:00:00.000000+0000,847
2023-06-07T00:00:00.000000+0000,929
2023-06-08T00:00:00.000000+0000,838
2023-06-09T00:00:00.000000+0000,995
2023-06-10T00:00:00.000000+0000,964
2023-06-11T00:00:00.000000+0000,938
2023-06-12T00:00:00.000000+0000,756
2023-06-13T00:00:00.000000+0000,918
2023-06-14T00:00:00.000000+0000,894
2023-06-15T00:00:00.000000+0000,785
2023-06-16T00:00:00.000000+0000,962
2023-06-17T00:00:00.000000+0000,1028
2023-06-18T00:00:00.000000+0000,840
2023-06-19T00:00:00.000000+0000,887
2023-06-20T00:00:00.000000+0000,749
2023-06-21T00:00:00.000000+0000,823
2023-06-22T00:00:00.000000+0000,856
2023-06-23T00:00:00.000000+0000,949
2023-06-24T00:00:00.000000+0000,907
2023-06-25T00:00:00.000000+0000,764
2023-06-26T00:00:00.000000+0000,829
2023-06-27T00:00:00.000000+0000,960
2023-06-28T00:00:00.000000+0000,870
2023-06-29T00:00:00.000000+0000,944
2023-06-30T00:00:00.000000+0000,921
2023-07-01T00:00:00.000000+0000,995
2023-07-02T00:00:00.000000+0000,1033
2023-07-03T00:00:00.000000+0000,833
2023-07-04T00:00:00.000000+0000,984
2023-07-05T00:00:00.000000+0000,1034
2023-07-06T00:00:00.000000+0000,742
2023-07-07T00:00:00.000000+0000,1010
2023-07-08T00:00:00.000000+0000,933
2023-07-09T00:00:00.000000+0000,825
2023-07-10T00:00:00.000000+0000,1016
2023-07-11T00:00:00.000000+0000,1145
2023-07-12T00:00:00.000000+0000,1004
2023-07-13T00:00:00.000000+0000,826
2023-07-14T00:00:00.000000+0000,998
2023-07-15T00:00:00.000000+0000,922
2023-07-16T00:00:00.000000+0000,889
2023-07-17T00:00:00.000000+0000,967
2023-07-18T00:00:00.000000+0000,1002
2023-07-19T00:00:00.000000+0000,1043
2023-07-20T00:00:00.000000+0000,925
2023-07-21T00:00:00.000000+0000,838
2023-07-22T00:00:00.000000+0000,927
2023-07-23T00:00:00.000000+0000,887
2023-07-24T00:00:00.000000+0000,927
2023-07-25T00:00:00.000000+0000,919
2023-07-26T00:00:00.000000+0000,1004
2023-07-27T00:00:00.000000+0000,1176
2023-07-28T00:00:00.000000+0000,913
2023-07-29T00:00:00.000000+0000,851
2023-07-30T00:00:00.000000+0000,854
2023-07-31T00:00:00.000000+0000,1033
2023-08-01T00:00:00.000000+0000,809
2023-08-02T00:00:00.000000+0000,990
2023-08-03T00:00:00.000000+0000,962
2023-08-04T00:00:00.000000+0000,864
2023-08-05T00:00:00.000000+0000,982
2023-08-06T00:00:00.000000+0000,832
2023-08-07T00:00:00.000000+0000,746
2023-08-08T00:00:00.000000+0000,891
2023-08-09T00:00:00.000000+0000,935
2023-08-10T00:00:00.000000+0000,1107
2023-08-11T00:00:00.000000+0000,961
2023-08-12T00:00:00.000000+0000,940
2023-08-13T00:00:00.000000+0000,713
2023-08-14T00:00:00.000000+0000,965
2023-08-15T00:00:00.000000+0000,947
2023-08-16T00:00:00.000000+0000,1020
2023-08-17T00:00:00.000000+0000,923
2023-08-18T00:00:00.000000+0000,1055
2023-08-19T00:00:00.000000+0000,874
2023-08-20T00:00:00.000000+0000,711
2023-08-21T00:00:00.000000+0000,809
2023-08-22T00:00:00.000000+0000,900
2023-08-23T00:00:00.000000+0000,778
2023-08-24T00:00:00.000000+0000,787
2023-08-25T00:00:00.000000+0000,740
2023-08-26T00:00:00.000000+0000,887
2023-08-27T00:00:00.000000+0000,965
2023-08-28T00:00:00.000000+0000,819
2023-08-29T00:00:00.000000+0000,1095
2023-08-30T00:00:00.000000+0000,735
2023-08-31T00:00:00.000000+0000,1022
2023-09-01T00:00:00.000000+0000,821
2023-09-02T00:00:00.000000+0000,795
2023-09-03T00:00:00.000000+0000,972
2023-09-04T00:00:00.000000+0000,969
2023-09-05T00:00:00.000000+0000,851
2023-09-06T00:00:00.000000+0000,869
2023-09-07T00:00:00.000000+0000,1000
2023-09-08T00:00:00.000000+0000,827
2023-09-09T00:00:00.000000+0000,830
2023-09-10T00:00:00.000000+0000,812
2023-09-11T00:00:00.000000+0000,1062
2023-09-12T00:00:00.000000+0000,964
2023-09-13T00:00:00.000000+0000,773
2023-09-14T00:00:00.000000+0000,852
2023-09-15T00:00:00.000000+0000,814
2023-09-16T00:00:00.000000+0000,839
2023-09-17T00:00:00.000000+0000,866
2023-09-18T00:00:00.000000+0000,927
2023-09-19T00:00:00.000000+0000,822
2023-09-20T00:00:00.000000+0000,1050
2023-09-21T00:00:00.000000+0000,1044
2023-09-22T00:00:00.000000+0000,890
2023-09-23T00:00:00.000000+0000,1024
2023-09-24T00:00:00.000000+0000,931
2023-09-25T00:00:00.000000+0000,973
2023-09-26T00:00:00.000000+0000,1158
2023-09-27T00:00:00.000000+0000,949
2023-09-28T00:00:00.000000+0000,1019
2023-09-29T00:00:00.000000+0000,976
2023-09-30T00:00:00.000000+0000,1123
2023-10-01T00:00:00.000000+0000,1120
2023-10-02T00:00:00.000000+0000,1024
2023-10-03T00:00:00.000000+0000,779
2023-10-04T00:00:00.000000+0000,1028
2023-10-05T00:00:00.000000+0000,863
2023-10-06T00:00:00.000000+0000,815
2023-10-07T00:00:00.000000+0000,903
2023-10-08T00:00:00.000000+0000,1054
2023-10-09T00:00:00.000000+0000,834
2023-10-10T00:00:00.000000+0000,940
2023-10-11T00:00:00.000000+0000,904
2023-10-12T00:00:00.000000+0000,914
2023-10-13T00:00:00.000000+0000,1063
2023-10-14T00:00:00.000000+0000,944
2023-10-15T00:00:00.000000+0000,903
2023-10-16T00:00:00.000000+0000,859
2023-10-17T00:00:00.000000+0000,941
2023-10-18T00:00:00.000000+0000,953
2023-10-19T00:00:00.000000+0000,812
2023-10-20T00:00:00.000000+0000,829
2023-10-21T00:00:00.000000+0000,873
2023-10-22T00:00:00.000000+0000,1004
2023-10-23T00:00:00.000000+0000,909
2023-10-24T00:00:00.000000+0000,1137
2023-10-25T00:00:00.000000+0000,1028
2023-10-26T00:00:00.000000+0000,801
2023-10-27T00:00:00.000000+0000,859
2023-10-28T00:00:00.000000+0000,822
2023-10-29T00:00:00.000000+0000,1104
2023-10-30T00:00:00.000000+0000,1038
2023-10-31T00:00:00.000000+0000,888
2023-11-01T00:00:00.000000+0000,838
2023-11-02T00:00:00.000000+0000,1258
2023-11-03T00:00:00.000000+0000,1063
2023-11-04T00:00:00.000000+0000,859
2023-11-05T00:00:00.000000+0000,951
2023-11-06T00:00:00.000000+0000,1041
2023-11-07T00:00:00.000000+0000,1073
2023-11-08T00:00:00.000000+0000,1083
2023-11-09T00:00:00.000000+0000,962
2023-11-10T00:00:00.000000+0000,1261
2023-11-11T00:00:00.000000+0000,985
2023-11-12T00:00:00.000000+0000,840
2023-11-13T00:00:00.000000+0000,895
2023-11-14T00:00:00.000000+0000,1078
2023-11-15T00:00:00.000000+0000,1126
2023-11-16T00:00:00.000000+0000,943
2023-11-17T00:00:00.000000+0000,1018
2023-11-18T00:00:00.000000+0000,984
2023-11-19T00:00:00.000000+0000,1139
2023-11-20T00:00:00.000000+0000,1137
2023-11-21T00:00:00.000000+0000,880
2023-11-22T00:00:00.000000+0000,903
2023-11-23T00:00:00.000000+0000,985
2023-11-24T00:00:00.000000+0000,970
2023-11-25T00:00:00.000000+0000,1155
2023-11-26T00:00:00.000000+0000,1100
2023-11-27T00:00:00.000000+0000,1184
2023-11-28T00:00:00.000000+0000,1040
2023-11-29T00:00:00.000000+0000,924
2023-11-30T00:00:00.000000+0000,1009
2023-12-01T00:00:00.000000+0000,1083
2023-12-02T00:00:00.000000+0000,881
2023-12-03T00:00:00.000000+0000,851
2023-12-04T00:00:00.000000+0000,1110
2023-12-05T00:00:00.000000+0000,1042
2023-12-06T00:00:00.000000+0000,986
2023-12-07T00:00:00.000000+0000,950
2023-12-08T00:00:00.000000+0000,1157
2023-12-09T00:00:00.000000+0000,1048
2023-12-10T00:00:00.000000+0000,983
2023-12-11T00:00:00.000000+0000,1138
2023-12-12T00:00:00.000000+0000,981
2023-12-13T00:00:00.000000+0000,946
2023-12-14T00:00:00.000000+0000,1043
2023-12-15T00:00:00.000000+0000,838
2023-12-16T00:00:00.000000+0000,810
2023-12-17T00:00:00.000000+0000,1007
2023-12-18T00:00:00.000000+0000,967
2023-12-19T00:00:00.000000+0000,1012
2023-12-20T00:00:00.000000+0000,1029
2023-12-21T00:00:00.000000+0000,981
2023-12-22T00:00:00.000000+0000,1085
2023-12-23T00:00:00.000000+0000,947
2023-12-24T00:00:00.000000+0000,1034
2023-12-25T00:00:00.000000+0000,871
2023-12-26T00:00:00.000000+0000,1007
2023-12-27T00:00:00.000000+0000,1152
2023-12-28T00:00:00.000000+0000,959
2023-12-29T00:00:00.000000+0000,931
2023-12-30T00:00:00.000000+0000,1092
2023-12-31T00:00:00.000000+0000,921
2024-01-01T00:00:00.000000+0000,975
2024-01-02T00:00:00.000000+0000,974
2024-01-03T00:00:00.000000+0000,1246
2024-01-04T00:00:00.000000+0000,1052
2024-01-05T00:00:00.000000+0000,1171
2024-01-06T00:00:00.000000+0000,830
2024-01-07T00:00:00.000000+0000,868
2024-01-08T00:00:00.000000+0000,1092
2024-01-09T00:00:00.000000+0000,1056
2024-01-10T00:00:00.000000+0000,913
2024-01-11T00:00:00.000000+0000,1056
2024-01-12T00:00:00.000000+0000,951
2024-01-13T00:00:00.000000+0000,1146
2024-01-14T00:00:00.000000+0000,1156
2024-01-15T00:00:00.000000+0000,1077
2024-01-16T00:00:00.000000+0000,910
2024-01-17T00:00:00.000000+0000,932
2024-01-18T00:00:00.000000+0000,931
2024-01-19T00:00:00.000000+0000,1148
2024-01-20T00:00:00.000000+0000,995
2024-01-21T00:00:00.000000+0000,951
2024-01-22T00:00:00.000000+0000,1031
2024-01-23T00:00:00.000000+0000,1134
2024-01-24T00:00:00.000000+0000,913
2024-01-25T00:00:00.000000+0000,1170
2024-01-26T00:00:00.000000+0000,911
2024-01-27T00:00:00.000000+0000,970
2024-01-28T00:00:00.000000+0000,882
2024-01-29T00:00:00.000000+0000,1010
2024-01-30T00:00:00.000000+0000,893
2024-01-31T00:00:00.000000+0000,984
2024-02-01T00:00:00.000000+0000,1032
2024-02-02T00:00:00.000000+0000,1037
2024-02-03T00:00:00.000000+0000,1052
2024-02-04T00:00:00.000000+0000,822
2024-02-05T00:00:00.000000+0000,826
2024-02-06T00:00:00.000000+0000,1045
2024-02-07T00:00:00.000000+0000,972
2024-02-08T00:00:00.000000+0000,937
2024-02-09T00:00:00.000000+0000,1167
2024-02-10T00:00:00.000000+0000,941
2024-02-11T00:00:00.000000+0000,1089
2024-02-12T00:00:00.000000+0000,1076
2024-02-13T00:00:00.000000+0000,1088
2024-02-14T00:00:00.000000+0000,1128
2024-02-15T00:00:00.000000+0000,1053
2024-02-16T00:00:00.000000+0000,882
2024-02-17T00:00:00.000000+0000,1093
2024-02-18T00:00:00.000000+0000,894
2024-02-19T00:00:00.000000+0000,1238
2024-02-20T00:00:00.000000+0000,937
2024-02-21T00:00:00.000000+0000,879
2024-02-22T00:00:00.000000+0000,1128
2024-02-23T00:00:00.000000+0000,1015
2024-02-24T00:00:00.000000+0000,1152
2024-02-25T00:00:00.000000+0000,1056
2024-02-26T00:00:00.000000+0000,1101
2024-02-27T00:00:00.000000+0000,963
2024-02-28T00:00:00.000000+0000,1008
2024-02-29T00:00:00.000000+0000,1055
2024-03-01T00:00:00.000000+0000,1025
2024-03-02T00:00:00.000000+0000,979
2024-03-03T00:00:00.000000+0000,1001
2024-03-04T00:00:00.000000+0000,936
2024-03-05T00:00:00.000000+0000,1068
2024-03-06T00:00:00.000000+0000,1114
2024-03-07T00:00:00.000000+0000,889
2024-03-08T00:00:00.000000+0000,1081
2024-03-09T00:00:00.000000+0000,993
2024-03-10T00:00:00.000000+0000,1088
2024-03-11T00:00:00.000000+0000,1068
2024-03-12T00:00:00.000000+0000,1021
2024-03-13T00:00:00.000000+0000,1177
2024-03-14T00:00:00.000000+0000,1132
2024-03-15T00:00:00.000000+0000,976
2024-03-16T00:00:00.000000+0000,1024
2024-03-17T00:00:00.000000+0000,1065
2024-03-18T00:00:00.000000+0000,1002
2024-03-19T00:00:00.000000+0000,791
2024-03-20T00:00:00.000000+0000,1095
2024-03-21T00:00:00.000000+0000,1001
2024-03-22T00:00:00.000000+0000,1193
2024-03-23T00:00:00.000000+0000,1103
2024-03-24T00:00:00.000000+0000,1091
2024-03-25T00:00:00.000000+0000,1130
2024-03-26T00:00:00.000000+0000,1373
2024-03-27T00:00:00.000000+0000,1063
2024-03-28T00:00:00.000000+0000,1120
2024-03-29T00:00:00.000000+0000,941
2024-03-30T00:00:00.000000+0000,1106
2024-03-31T00:00:00.000000+0000,1098
2024-04-01T00:00:00.000000+0000,1081
2024-04-02T00:00:00.000000+0000,1031
2024-04-03T00:00:00.000000+0000,1051
2024-04-04T00:00:00.000000+0000,979
2024-04-05T00:00:00.000000+0000,1139
2024-04-06T00:00:00.000000+0000,1019
2024-04-07T00:00:00.000000+0000,1210
2024-04-08T00:00:00.000000+0000,1238
2024-04-09T00:00:00.000000+0000,1075
2024-04-10T00:00:00.000000+0000,918
2024-04-11T00:00:00.000000+0000,1159
2024-04-12T00:00:00.000000+0000,1087
2024-04-13T00:00:00.000000+0000,1170
2024-04-14T00:00:00.000000+0000,1032
2024-04-15T00:00:00.000000+0000,967
2024-04-16T00:00:00.000000+0000,1006
2024-04-17T00:00:00.000000+0000,1153
2024-04-18T00:00:00.000000+0000,1217
2024-04-19T00:00:00.000000+0000,1114
2024-04-20T00:00:00.000000+0000,1065
2024-04-21T00:00:00.000000+0000,871
2024-04-22T00:00:00.000000+0000,1038
2024-04-23T00:00:00.000000+0000,1223
2024-04-24T00:00:00.000000+0000,1101
2024-04-25T00:00:00.000000+0000,1358
2024-04-26T00:00:00.000000+0000,952
2024-04-27T00:00:00.000000+0000,1014
2024-04-28T00:00:00.000000+0000,1057
2024-04-29T00:00:00.000000+0000,1098
2024-04-30T00:00:00.000000+0000,1215
2024-05-01T00:00:00.000000+0000,1169
2024-05-02T00:00:00.000000+0000,970
2024-05-03T00:00:00.000000+0000,1068
2024-05-04T00:00:00.000000+0000,932
2024-05-05T00:00:00.000000+0000,1177
2024-05-06T00:00:00.000000+0000,918
2024-05-07T00:00:00.000000+0000,804
2024-05-08T00:00:00.000000+0000,987
2024-05-09T00:00:00.000000+0000,1077
2024-05-10T00:00:00.000000+0000,1054
2024-05-11T00:00:00.000000+0000,1039
2024-05-12T00:00:00.000000+0000,996
2024-05-13T00:00:00.000000+0000,1163
2024-05-14T00:00:00.000000+0000,1323
2024-05-15T00:00:00.000000+0000,1094
2024-05-16T00:00:00.000000+0000,1109
2024-05-17T00:00:00.000000+0000,1156
2024-05-18T00:00:00.000000+0000,1061
2024-05-19T00:00:00.000000+0000,1060
2024-05-20T00:00:00.000000+0000,1093
2024-05-21T00:00:00.000000+0000,1276
2024-05-22T00:00:00.000000+0000,1086
2024-05-23T00:00:00.000000+0000,1094
2024-05-24T00:00:00.000000+0000,1016
2024-05-25T00:00:00.000000+0000,1018
2024-05-26T00:00:00.000000+0000,1042
2024-05-27T00:00:00.000000+0000,1176
2024-05-28T00:00:00.000000+0000,1178
2024-05-29T00:00:00.000000+0000,1048
2024-05-30T00:00:00.000000+0000,1180
2024-05-31T00:00:00.000000+0000,1025
2024-06-01T00:00:00.000000+0000,1148
2024-06-02T00:00:00.000000+0000,1142
2024-06-03T00:00:00.000000+0000,1013
2024-06-04T00:00:00.000000+0000,1026
2024-06-05T00:00:00.000000+0000,920
2024-06-06T00:00:00.000000+0000,1029
2024-06-07T00:00:00.000000+0000,881
2024-06-08T00:00:00.000000+0000,1008
2024-06-09T00:00:00.000000+0000,1099
2024-06-10T00:00:00.000000+0000,1079
2024-06-11T00:00:00.000000+0000,1150
2024-06-12T00:00:00.000000+0000,1107
2024-06-13T00:00:00.000000+0000,1119
2024-06-14T00:00:00.000000+0000,962
2024-06-15T00:00:00.000000+0000,1153
2024-06-16T00:00:00.000000+0000,1137
2024-06-17T00:00:00.000000+0000,1133
2024-06-18T00:00:00.000000+0000,1222
2024-06-19T00:00:00.000000+0000,1009
2024-06-20T00:00:00.000000+0000,1202
2024-06-21T00:00:00.000000+0000,1134
2024-06-22T00:00:00.000000+0000,1169
2024-06-23T00:00:00.000000+0000,1180
2024-06-24T00:00:00.000000+0000,1259
2024-06-25T00:00:00.000000+0000,1135
2024-06-26T00:00:00.000000+0000,946
2024-06-27T00:00:00.000000+0000,993
2024-06-28T00:00:00.000000+0000,1102
2024-06-29T00:00:00.000000+0000,952
2024-06-30T00:00:00.000000+0000,1119
2024-07-01T00:00:00.000000+0000,1261
2024-07-02T00:00:00.000000+0000,1081
2024-07-03T00:00:00.000000+0000,1274
2024-07-04T00:00:00.000000+0000,996
2024-07-05T00:00:00.000000+0000,1191
2024-07-06T00:00:00.000000+0000,1100
2024-07-07T00:00:00.000000+0000,995
2024-07-08T00:00:00.000000+0000,967
2024-07-09T00:00:00.000000+0000,960
2024-07-10T00:00:00.000000+0000,1184
2024-07-11T00:00:00.000000+0000,1100
2024-07-12T00:00:00.000000+0000,1037
2024-07-13T00:00:00.000000+0000,896
2024-07-14T00:00:00.000000+0000,1267
2024-07-15T00:00:00.000000+0000,1193
2024-07-16T00:00:00.000000+0000,1122
2024-07-17T00:00:00.000000+0000,1202
2024-07-18T00:00:00.000000+0000,1105
2024-07-19T00:00:00.000000+0000,1209
2024-07-20T00:00:00.000000+0000,1288
2024-07-21T00:00:00.000000+0000,980
2024-07-22T00:00:00.000000+0000,1245
2024-07-23T00:00:00.000000+0000,1100
2024-07-24T00:00:00.000000+0000,1212
2024-07-25T00:00:00.000000+0000,1013
2024-07-26T00:00:00.000000+0000,1081
2024-07-27T00:00:00.000000+0000,1147
2024-07-28T00:00:00.000000+0000,1132
2024-07-29T00:00:00.000000+0000,916
2024-07-30T00:00:00.000000+0000,1210
2024-07-31T00:00:00.000000+0000,981
2024-08-01T00:00:00.000000+0000,1054
2024-08-02T00:00:00.000000+0000,1317
2024-08-03T00:00:00.000000+0000,1127
2024-08-04T00:00:00.000000+0000,1178
2024-08-05T00:00:00.000000+0000,1054
2024-08-06T00:00:00.000000+0000,1044
2024-08-07T00:00:00.000000+0000,1046
2024-08-08T00:00:00.000000+0000,1310
2024-08-09T00:00:00.000000+0000,966
2024-08-10T00:00:00.000000+0000,1228
2024-08-11T00:00:00.000000+0000,1204
2024-08-12T00:00:00.000000+0000,1162
2024-08-13T00:00:00.000000+0000,1103
2024-08-14T00:00:00.000000+0000,1352
2024-08-15T00:00:00.000000+0000,1020
2024-08-16T00:00:00.000000+0000,1071
2024-08-17T00:00:00.000000+0000,1152
2024-08-18T00:00:00.000000+0000,1487
2024-08-19T00:00:00.000000+0000,1180
2024-08-20T00:00:00.000000+0000,1052
2024-08-21T00:00:00.000000+0000,1065
2024-08-22T00:00:00.000000+0000,998
2024-08-23T00:00:00.000000+0000,1285
2024-08-24T00:00:00.000000+0000,1101
2024-08-25T00:00:00.000000+0000,1097
2024-08-26T00:00:00.000000+0000,887
2024-08-27T00:00:00.000000+0000,1316
2024-08-28T00:00:00.000000+0000,1391
2024-08-29T00:00:00.000000+0000,1076
2024-08-30T00:00:00.000000+0000,1025
2024-08-31T00:00:00.000000+0000,1222
2024-09-01T00:00:00.000000+0000,1075
2024-09-02T00:00:00.000000+0000,1302
2024-09-03T00:00:00.000000+0000,1008
2024-09-04T00:00:00.000000+0000,1342
2024-09-05T00:00:00.000000+0000,1098
2024-09-06T00:00:00.000000+0000,1370
2024-09-07T00:00:00.000000+0000,1106
2024-09-08T00:00:00.000000+0000,1132
2024-09-09T00:00:00.000000+0000,1180
2024-09-10T00:00:00.000000+0000,1192
2024-09-11T00:00:00.000000+0000,1154
2024-09-12T00:00:00.000000+0000,1306
2024-09-13T00:00:00.000000+0000,997
2024-09-14T00:00:00.000000+0000,1129
2024-09-15T00:00:00.000000+0000,1353
2024-09-16T00:00:00.000000+0000,1274
2024-09-17T00:00:00.000000+0000,1283
2024-09-18T00:00:00.000000+0000,1180
2024-09-19T00:00:00.000000+0000,1123
2024-09-20T00:00:00.000000+0000,1260
2024-09-21T00:00:00.000000+0000,1128
2024-09-22T00:00:00.000000+0000,1161
2024-09-23T00:00:00.000000+0000,1117
2024-09-24T00:00:00.000000+0000,1159
2024-09-25T00:00:00.000000+0000,1186
2024-09-26T00:00:00.000000+0000,1119
2024-09-27T00:00:00.000000+0000,1236
2024-09-28T00:00:00.000000+0000,1216
2024-09-29T00:00:00.000000+0000,1292
2024-09-30T00:00:00.000000+0000,1079
2024-10-01T00:00:00.000000+0000,1376
2024-10-02T00:00:00.000000+0000,1212
2024-10-03T00:00:00.000000+0000,1102
2024-10-04T00:00:00.000000+0000,1171
2024-10-05T00:00:00.000000+0000,1024
2024-10-06T00:00:00.000000+0000,1304
2024-10-07T00:00:00.000000+0000,993
2024-10-08T00:00:00.000000+0000,1181
2024-10-09T00:00:00.000000+0000,1275
2024-10-10T00:00:00.000000+0000,1390
2024-10-11T00:00:00.000000+0000,1086
2024-10-12T00:00:00.000000+0000,1211
2024-10-13T00:00:00.000000+0000,1165
2024-10-14T00:00:00.000000+0000,1484
2024-10-15T00:00:00.000000+0000,1235
2024-10-16T00:00:00.000000+0000,1230
2024-10-17T00:00:00.000000+0000,1211
2024-10-18T00:00:00.000000+0000,1200
2024-10-19T00:00:00.000000+0000,1374
2024-10-20T00:00:00.000000+0000,1103
2024-10-21T00:00:00.000000+0000,1473
2024-10-22T00:00:00.000000+0000,1219
2024-10-23T00:00:00.000000+0000,1291
2024-10-24T00:00:00.000000+0000,1266
2024-10-25T00:00:00.000000+0000,1266
2024-10-26T00:00:00.000000+0000,1098
2024-10-27T00:00:00.000000+0000,1274
2024-10-28T00:00:00.000000+0000,1385
2024-10-29T00:00:00.000000+0000,1163
2024-10-30T00:00:00.000000+0000,1232
2024-10-31T00:00:00.000000+0000,1508
2024-11-01T00:00:00.000000+0000,1317
2024-11-02T00:00:00.000000+0000,1262
2024-11-03T00:00:00.000000+0000,1246
2024-11-04T00:00:00.000000+0000,1177
2024-11-05T00:00:00.000000+0000,1497
2024-11-06T00:00:00.000000+0000,1371
2024-11-07T00:00:00.000000+0000,1220
2024-11-08T00:00:00.000000+0000,1367
2024-11-09T00:00:00.000000+0000,1160
2024-11-10T00:00:00.000000+0000,1304
2024-11-11T00:00:00.000000+0000,1198
2024-11-12T00:00:00.000000+0000,1281
2024-11-13T00:00:00.000000+0000,1126
2024-11-14T00:00:00.000000+0000,1104
2024-11-15T00:00:00.000000+0000,1088
2024-11-16T00:00:00.000000+0000,1193
2024-11-17T00:00:00.000000+0000,1260
2024-11-18T00:00:00.000000+0000,1100
2024-11-19T00:00:00.000000+0000,1274
2024-11-20T00:00:00.000000+0000,1397
2024-11-21T00:00:00.000000+0000,1108
2024-11-22T00:00:00.000000+0000,1302
2024-11-23T00:00:00.000000+0000,1234
2024-11-24T00:00:00.000000+0000,1264
2024-11-25T00:00:00.000000+0000,1398
2024-11-26T00:00:00.000000+0000,1357
2024-11-27T00:00:00.000000+0000,1307
2024-11-28T00:00:00.000000+0000,1194
2024-11-29T00:00:00.000000+0000,1316
2024-11-30T00:00:00.000000+0000,1228
2024-12-01T00:00:00.000000+0000,1348
2024-12-02T00:00:00.000000+0000,1295
2024-12-03T00:00:00.000000+0000,1186
2024-12-04T00:00:00.000000+0000,1176
2024-12-05T00:00:00.000000+0000,1247
2024-12-06T00:00:00.000000+0000,1367
2024-12-07T00:00:00.000000+0000,1292
2024-12-08T00:00:00.000000+0000,1116
2024-12-09T00:00:00.000000+0000,1198
2024-12-10T00:00:00.000000+0000,1260
2024-12-11T00:00:00.000000+0000,1331
2024-12-12T00:00:00.000000+0000,1381
2024-12-13T00:00:00.000000+0000,1172
2024-12-14T00:00:00.000000+0000,990
2024-12-15T00:00:00.000000+0000,1305
2024-12-16T00:00:00.000000+0000,1322
2024-12-17T00:00:00.000000+0000,1320
2024-12-18T00:00:00.000000+0000,1153
2024-12-19T00:00:00.000000+0000,1339
2024-12-20T00:00:00.000000+0000,1397
2024-12-21T00:00:00.000000+0000,1412
2024-12-22T00:00:00.000000+0000,1537
2024-12-23T00:00:00.000000+0000,1420
2024-12-24T00:00:00.000000+0000,1241
2024-12-25T00:00:00.000000+0000,1386
2024-12-26T00:00:00.000000+0000,1327
2024-12-27T00:00:00.000000+0000,1313
2024-12-28T00:00:00.000000+0000,1310
2024-12-29T00:00:00.000000+0000,1176
2024-12-30T00:00:00.000000+0000,1255
2024-12-31T00:00:00.000000+0000,1389
2025-01-01T00:00:00.000000+0000,1324
2025-01-02T00:00:00.000000+0000,1487
2025-01-03T00:00:00.000000+0000,1299
2025-01-04T00:00:00.000000+0000,1129
2025-01-05T00:00:00.000000+0000,1156
2025-01-06T00:00:00.000000+0000,1230
2025-01-07T00:00:00.000000+0000,1197
2025-01-08T00:00:00.000000+0000,1264
2025-01-09T00:00:00.000000+0000,1344
2025-01-10T00:00:00.000000+0000,1333
2025-01-11T00:00:00.000000+0000,1241
2025-01-12T00:00:00.000000+0000,1229
2025-01-13T00:00:00.000000+0000,1443
2025-01-14T00:00:00.000000+0000,1279
2025-01-15T00:00:00.000000+0000,1438
2025-01-16T00:00:00.000000+0000,1381
2025-01-17T00:00:00.000000+0000,1199
2025-01-18T00:00:00.000000+0000,1445
2025-01-19T00:00:00.000000+0000,1387
2025-01-20T00:00:00.000000+0000,1404
2025-01-21T00:00:00.000000+0000,1307
2025-01-22T00:00:00.000000+0000,1357
2025-01-23T00:00:00.000000+0000,1079
2025-01-24T00:00:00.000000+0000,1116
2025-01-25T00:00:00.000000+0000,1099
2025-01-26T00:00:00.000000+0000,1218
2025-01-27T00:00:00.000000+0000,1252
2025-01-28T00:00:00.000000+0000,1418
2025-01-29T00:00:00.000000+0000,1166
2025-01-30T00:00:00.000000+0000,1307
2025-01-31T00:00:00.000000+0000,1291
2025-02-01T00:00:00.000000+0000,1394
2025-02-02T00:00:00.000000+0000,1690
2025-02-03T00:00:00.000000+0000,1226
2025-02-04T00:00:00.000000+0000,1261
2025-02-05T00:00:00.000000+0000,1453
2025-02-06T00:00:00.000000+0000,1286
2025-02-07T00:00:00.000000+0000,1360
2025-02-08T00:00:00.000000+0000,1288
2025-02-09T00:00:00.000000+0000,1161
2025-02-10T00:00:00.000000+0000,1289
2025-02-11T00:00:00.000000+0000,1186
2025-02-12T00:00:00.000000+0000,1574
2025-02-13T00:00:00.000000+0000,1308
2025-02-14T00:00:00.000000+0000,1408
2025-02-15T00:00:00.000000+0000,1272
2025-02-16T00:00:00.000000+0000,1190
2025-02-17T00:00:00.000000+0000,1236
2025-02-18T00:00:00.000000+0000,1349
2025-02-19T00:00:00.000000+0000,1321
2025-02-20T00:00:00.000000+0000,1312
2025-02-21T00:00:00.000000+0000,1436
2025-02-22T00:00:00.000000+0000,1326
2025-02-23T00:00:00.000000+0000,1156
2025-02-24T00:00:00.000000+0000,1054
2025-02-25T00:00:00.000000+0000,1366
2025-02-26T00:00:00.000000+0000,1317
2025-02-27T00:00:00.000000+0000,1475
2025-02-28T00:00:00.000000+0000,1804
2025-03-01T00:00:00.000000+0000,1496
2025-03-02T00:00:00.000000+0000,1294
2025-03-03T00:00:00.000000+0000,1476
2025-03-04T00:00:00.000000+0000,1360
2025-03-05T00:00:00.000000+0000,1477
2025-03-06T00:00:00.000000+0000,1670
2025-03-07T00:00:00.000000+0000,1376
2025-03-08T00:00:00.000000+0000,1306
2025-03-09T00:00:00.000000+0000,1550
2025-03-10T00:00:00.000000+0000,1426
2025-03-11T00:00:00.000000+0000,1299
2025-03-12T00:00:00.000000+0000,1152
2025-03-13T00:00:00.000000+0000,1288
2025-03-14T00:00:00.000000+0000,1383
2025-03-15T00:00:00.000000+0000,1375
2025-03-16T00:00:00.000000+0000,1356
2025-03-17T00:00:00.000000+0000,1244
2025-03-18T00:00:00.000000+0000,1673
2025-03-19T00:00:00.000000+0000,1248
2025-03-20T00:00:00.000000+0000,1585
2025-03-21T00:00:00.000000+0000,1221
2025-03-22T00:00:00.000000+0000,1306
2025-03-23T00:00:00.000000+0000,1333
2025-03-24T00:00:00.000000+0000,1113
2025-03-25T00:00:00.000000+0000,1379
2025-03-26T00:00:00.000000+0000,1557
2025-03-27T00:00:00.000000+0000,1553
2025-03-28T00:00:00.000000+0000,1366
2025-03-29T00:00:00.000000+0000,1682
2025-03-30T00:00:00.000000+0000,1392
2025-03-31T00:00:00.000000+0000,1357
2025-04-01T00:00:00.000000+0000,1643
2025-04-02T00:00:00.000000+0000,1560
2025-04-03T00:00:00.000000+0000,1399
2025-04-04T00:00:00.000000+0000,1380
2025-04-05T00:00:00.000000+0000,1445
2025-04-06T00:00:00.000000+0000,1125
2025-04-07T00:00:00.000000+0000,1365
2025-04-08T00:00:00.000000+0000,1631
2025-04-09T00:00:00.000000+0000,1434
2025-04-10T00:00:00.000000+0000,1283
2025-04-11T00:00:00.000000+0000,1333
2025-04-12T00:00:00.000000+0000,1228
2025-04-13T00:00:00.000000+0000,1362
2025-04-14T00:00:00.000000+0000,1351
2025-04-15T00:00:00.000000+0000,1258
2025-04-16T00:00:00.000000+0000,1448
2025-04-17T00:00:00.000000+0000,1254
2025-04-18T00:00:00.000000+0000,1691
2025-04-19T00:00:00.000000+0000,1443
2025-04-20T00:00:00.000000+0000,1472
2025-04-21T00:00:00.000000+0000,1219
2025-04-22T00:00:00.000000+0000,1609
2025-04-23T00:00:00.000000+0000,1469
2025-04-24T00:00:00.000000+0000,1370
2025-04-25T00:00:00.000000+0000,1222
2025-04-26T00:00:00.000000+0000,1617
2025-04-27T00:00:00.000000+0000,1169
2025-04-28T00:00:00.000000+0000,1479
2025-04-29T00:00:00.000000+0000,1605
2025-04-30T00:00:00.000000+0000,1587
2025-05-01T00:00:00.000000+0000,1299
2025-05-02T00:00:00.000000+0000,1421
2025-05-03T00:00:00.000000+0000,1488
2025-05-04T00:00:00.000000+0000,1278
2025-05-05T00:00:00.000000+0000,1486
2025-05-06T00:00:00.000000+0000,1358
2025-05-07T00:00:00.000000+0000,1448
2025-05-08T00:00:00.000000+0000,1518
2025-05-09T00:00:00.000000+0000,1378
2025-05-10T00:00:00.000000+0000,1399
2025-05-11T00:00:00.000000+0000,1388
2025-05-12T00:00:00.000000+0000,1363
2025-05-13T00:00:00.000000+0000,1452
2025-05-14T00:00:00.000000+0000,1633
2025-05-15T00:00:00.000000+0000,1531
2025-05-16T00:00:00.000000+0000,1717
2025-05-17T00:00:00.000000+0000,1262
2025-05-18T00:00:00.000000+0000,1490
2025-05-19T00:00:00.000000+0000,1280
2025-05-20T00:00:00.000000+0000,1382
2025-05-21T00:00:00.000000+0000,1563
2025-05-22T00:00:00.000000+0000,1518
2025-05-23T00:00:00.000000+0000,1676
2025-05-24T00:00:00.000000+0000,1276
2025-05-25T00:00:00.000000+0000,1485
2025-05-26T00:00:00.000000+0000,1603
2025-05-27T00:00:00.000000+0000,1606
2025-05-28T00:00:00.000000+0000,1599
2025-05-29T00:00:00.000000+0000,1314
2025-05-30T00:00:00.000000+0000,1542
2025-05-31T00:00:00.000000+0000,1691
2025-06-01T00:00:00.000000+0000,1451
2025-06-02T00:00:00.000000+0000,1302
2025-06-03T00:00:00.000000+0000,1502
2025-06-04T00:00:00.000000+0000,1468
2025-06-05T00:00:00.000000+0000,1507
2025-06-06T00:00:00.000000+0000,1853
2025-06-07T00:00:00.000000+0000,1381
2025-06-08T00:00:00.000000+0000,1515
2025-06-09T00:00:00.000000+0000,1276
2025-06-10T00:00:00.000000+0000,1466
2025-06-11T00:00:00.000000+0000,1673
2025-06-12T00:00:00.000000+0000,1562
2025-06-13T00:00:00.000000+0000,1310
2025-06-14T00:00:00.000000+0000,1593
2025-06-15T00:00:00.000000+0000,1341
2025-06-16T00:00:00.000000+0000,1426
2025-06-17T00:00:00.000000+0000,1461
2025-06-18T00:00:00.000000+0000,1411
2025-06-19T00:00:00.000000+0000,1645
2025-06-20T00:00:00.000000+0000,1497
2025-06-21T00:00:00.000000+0000,1358
2025-06-22T00:00:00.000000+0000,1156
2025-06-23T00:00:00.000000+0000,1476
2025-06-24T00:00:00.000000+0000,1629
2025-06-25T00:00:00.000000+0000,1316
2025-06-26T00:00:00.000000+0000,1556
2025-06-27T00:00:00.000000+0000,1485
2025-06-28T00:00:00.000000+0000,1448
2025-06-29T00:00:00.000000+0000,1638
2025-06-30T00:00:00.000000+0000,1377
2025-07-01T00:00:00.000000+0000,1606
2025-07-02T00:00:00.000000+0000,1277
2025-07-03T00:00:00.000000+0000,1433
2025-07-04T00:00:00.000000+0000,1371
2025-07-05T00:00:00.000000+0000,1603
2025-07-06T00:00:00.000000+0000,1434
2025-07-07T00:00:00.000000+0000,1565
2025-07-08T00:00:00.000000+0000,1286
2025-07-09T00:00:00.000000+0000,1503
2025-07-10T00:00:00.000000+0000,1886
2025-07-11T00:00:00.000000+0000,1607
2025-07-12T00:00:00.000000+0000,1546
2025-07-13T00:00:00.000000+0000,1802
2025-07-14T00:00:00.000000+0000,1643
2025-07-15T00:00:00.000000+0000,1576
2025-07-16T00:00:00.000000+0000,1723
2025-07-17T00:00:00.000000+0000,1622
2025-07-18T00:00:00.000000+0000,1630
2025-07-19T00:00:00.000000+0000,1454
2025-07-20T00:00:00.000000+0000,1666
2025-07-21T00:00:00.000000+0000,1687
2025-07-22T00:00:00.000000+0000,1595
2025-07-23T00:00:00.000000+0000,1464
2025-07-24T00:00:00.000000+0000,1505
2025-07-25T00:00:00.000000+0000,1505
2025-07-26T00:00:00.000000+0000,1454
2025-07-27T00:00:00.000000+0000,1656
2025-07-28T00:00:00.000000+0000,1731
2025-07-29T00:00:00.000000+0000,1701
2025-07-30T00:00:00.000000+0000,1598
2025-07-31T00:00:00.000000+0000,1683
2025-08-01T00:00:00.000000+0000,1913
2025-08-02T00:00:00.000000+0000,2031
2025-08-03T00:00:00.000000+0000,1746
2025-08-04T00:00:00.000000+0000,1811
2025-08-05T00:00:00.000000+0000,1737
2025-08-06T00:00:00.000000+0000,1629
2025-08-07T00:00:00.000000+0000,1778
2025-08-08T00:00:00.000000+0000,1836
2025-08-09T00:00:00.000000+0000,1555
2025-08-10T00:00:00.000000+0000,1443
2025-08-11T00:00:00.000000+0000,1339
2025-08-12T00:00:00.000000+0000,1699
2025-08-13T00:00:00.000000+0000,1450
2025-08-14T00:00:00.000000+0000,1848
2025-08-15T00:00:00.000000+0000,1953
2025-08-16T00:00:00.000000+0000,1675
2025-08-17T00:00:00.000000+0000,1895
2025-08-18T00:00:00.000000+0000,1562
2025-08-19T00:00:00.000000+0000,2017
2025-08-20T00:00:00.000000+0000,1721
2025-08-21T00:00:00.000000+0000,1735
2025-08-22T00:00:00.000000+0000,1644
2025-08-23T00:00:00.000000+0000,1933
2025-08-24T00:00:00.000000+0000,1575
2025-08-25T00:00:00.000000+0000,1644
2025-08-26T00:00:00.000000+0000,1690
2025-08-27T00:00:00.000000+0000,1681
2025-08-28T00:00:00.000000+0000,1892
2025-08-29T00:00:00.000000+0000,1771
2025-08-30T00:00:00.000000+0000,1719
2025-08-31T00:00:00.000000+0000,1881
2025-09-01T00:00:00.000000+0000,1556
2025-09-02T00:00:00.000000+0000,1775
2025-09-03T00:00:00.000000+0000,1811
2025-09-04T00:00:00.000000+0000,1361
2025-09-05T00:00:00.000000+0000,1711
2025-09-06T00:00:00.000000+0000,1834
2025-09-07T00:00:00.000000+0000,1832
2025-09-08T00:00:00.000000+0000,1693
2025-09-09T00:00:00.000000+0000,1778
2025-09-10T00:00:00.000000+0000,1722
2025-09-11T00:00:00.000000+0000,1751
2025-09-12T00:00:00.000000+0000,1575
2025-09-13T00:00:00.000000+0000,1773
2025-09-14T00:00:00.000000+0000,1700
2025-09-15T00:00:00.000000+0000,1914
2025-09-16T00:00:00.000000+0000,2055
2025-09-17T00:00:00.000000+0000,1952
2025-09-18T00:00:00.000000+0000,1493
2025-09-19T00:00:00.000000+0000,1790
2025-09-20T00:00:00.000000+0000,1988
2025-09-21T00:00:00.000000+0000,1471
2025-09-22T00:00:00.000000+0000,1889
2025-09-23T00:00:00.000000+0000,1724
2025-09-24T00:00:00.000000+0000,1971
2025-09-25T00:00:00.000000+0000,1692
2025-09-26T00:00:00.000000+0000,1602
2025-09-27T00:00:00.000000+0000,1887
2025-09-28T00:00:00.000000+0000,1637
2025-09-29T00:00:00.000000+0000,1787
2025-09-30T00:00:00.000000+0000,1771
2025-10-01T00:00:00.000000+0000,1886
2025-10-02T00:00:00.000000+0000,1988
2025-10-03T00:00:00.000000+0000,2086
2025-10-04T00:00:00.000000+0000,2033
2025-10-05T00:00:00.000000+0000,2013
2025-10-06T00:00:00.000000+0000,2023
2025-10-07T00:00:00.000000+0000,1840
2025-10-08T00:00:00.000000+0000,1673
2025-10-09T00:00:00.000000+0000,1641
2025-10-10T00:00:00.000000+0000,1944
2025-10-11T00:00:00.000000+0000,1857
2025-10-12T00:00:00.000000+0000,1965
2025-10-13T00:00:00.000000+0000,1647
2025-10-14T00:00:00.000000+0000,1754
2025-10-15T00:00:00.000000+0000,1831
2025-10-16T00:00:00.000000+0000,2115
2025-10-17T00:00:00.000000+0000,1671
2025-10-18T00:00:00.000000+0000,2032
2025-10-19T00:00:00.000000+0000,1516
2025-10-20T00:00:00.000000+0000,1876
2025-10-21T00:00:00.000000+0000,1679
2025-10-22T00:00:00.000000+0000,1804
2025-10-23T00:00:00.000000+0000,2160
2025-10-24T00:00:00.000000+0000,1783
2025-10-25T00:00:00.000000+0000,1802
2025-10-26T00:00:00.000000+0000,1937
2025-10-27T00:00:00.000000+0000,1880
2025-10-28T00:00:00.000000+0000,1810
2025-10-29T00:00:00.000000+0000,2082
2025-10-30T00:00:00.000000+0000,1839
2025-10-31T00:00:00.000000+0000,2062
2025-11-01T00:00:00.000000+0000,2027
2025-11-02T00:00:00.000000+0000,2163
2025-11-03T00:00:00.000000+0000,1886
2025-11-04T00:00:00.000000+0000,2119
2025-11-05T00:00:00.000000+0000,1958
2025-11-06T00:00:00.000000+0000,1667
2025-11-07T00:00:00.000000+0000,2054
2025-11-08T00:00:00.000000+0000,2326
2025-11-09T00:00:00.000000+0000,1922
2025-11-10T00:00:00.000000+0000,1564
2025-11-11T00:00:00.000000+0000,1867
2025-11-12T00:00:00.000000+0000,1966
2025-11-13T00:00:00.000000+0000,2107
2025-11-14T00:00:00.000000+0000,2199
2025-11-15T00:00:00.000000+0000,2033
2025-11-16T00:00:00.000000+0000,2156
2025-11-17T00:00:00.000000+0000,2096
2025-11-18T00:00:00.000000+0000,1789
2025-11-19T00:00:00.000000+0000,2028
2025-11-20T00:00:00.000000+0000,2181
2025-11-21T00:00:00.000000+0000,1957
2025-11-22T00:00:00.000000+0000,1873
2025-11-23T00:00:00.000000+0000,1964
2025-11-24T00:00:00.000000+0000,1815
2025-11-25T00:00:00.000000+0000,2072
2025-11-26T00:00:00.000000+0000,2112
2025-11-27T00:00:00.000000+0000,1866
2025-11-28T00:00:00.000000+0000,2149
2025-11-29T00:00:00.000000+0000,1862
2025-11-30T00:00:00.000000+0000,1851
2025-12-01T00:00:00.000000+0000,1762
2025-12-02T00:00:00.000000+0000,2267
2025-12-03T00:00:00.000000+0000,1789
2025-12-04T00:00:00.000000+0000,1830
2025-12-05T00:00:00.000000+0000,2388
2025-12-06T00:00:00.000000+0000,2141
2025-12-07T00:00:00.000000+0000,1856
2025-12-08T00:00:00.000000+0000,2053
2025-12-09T00:00:00.000000+0000,2438
2025-12-10T00:00:00.000000+0000,1798
2025-12-11T00:00:00.000000+0000,1715
2025-12-12T00:00:00.000000+0000,2107
2025-12-13T00:00:00.000000+0000,1804
2025-12-14T00:00:00.000000+0000,1951
2025-12-15T00:00:00.000000+0000,2234
2025-12-16T00:00:00.000000+0000,2035
2025-12-17T00:00:00.000000+0000,2068
2025-12-18T00:00:00.000000+0000,2080
2025-12-19T00:00:00.000000+0000,1959
2025-12-20T00:00:00.000000+0000,2069
2025-12-21T00:00:00.000000+0000,2006
2025-12-22T00:00:00.000000+0000,1826
2025-12-23T00:00:00.000000+0000,1887
2025-12-24T00:00:00.000000+0000,2349
2025-12-25T00:00:00.000000+0000,2151
2025-12-26T00:00:00.000000+0000,2177
2025-12-27T00:00:00.000000+0000,2429
2025-12-28T00:00:00.000000+0000,2171
2025-12-29T00:00:00.000000+0000,1947
2025-12-30T00:00:00.000000+0000,2336
2025-12-31T00:00:00.000000+0000,2120
2026-01-01T00:00:00.000000+0000,2338
2026-01-02T00:00:00.000000+0000,2344
2026-01-03T00:00:00.000000+0000,1924
2026-01-04T00:00:00.000000+0000,2230
2026-01-05T00:00:00.000000+0000,2187
2026-01-06T00:00:00.000000+0000,2078
2026-01-07T00:00:00.000000+0000,2062
2026-01-08T00:00:00.000000+0000,2181
2026-01-09T00:00:00.000000+0000,2358
2026-01-10T00:00:00.000000+0000,2178
2026-01-11T00:00:00.000000+0000,2129
2026-01-12T00:00:00.000000+0000,2062
2026-01-13T00:00:00.000000+0000,2200
2026-01-14T00:00:00.000000+0000,2626
2026-01-15T00:00:00.000000+0000,2398
2026-01-16T00:00:00.000000+0000,1988
2026-01-17T00:00:00.000000+0000,2147
2026-01-18T00:00:00.000000+0000,2335
2026-01-19T00:00:00.000000+0000,2526
2026-01-20T00:00:00.000000+0000,2215
2026-01-21T00:00:00.000000+0000,2206
2026-01-22T00:00:00.000000+0000,2426
2026-01-23T00:00:00.000000+0000,2083
2026-01-24T00:00:00.000000+0000,2312
2026-01-25T00:00:00.000000+0000,2440
2026-01-26T00:00:00.000000+0000,2591
2026-01-27T00:00:00.000000+0000,2436
2026-01-28T00:00:00.000000+0000,2428
2026-01-29T00:00:00.000000+0000,2286
2026-01-30T00:00:00.000000+0000,2424
2026-01-31T00:00:00.000000+0000,2249
2026-02-01T00:00:00.000000+0000,2399
2026-02-02T00:00:00.000000+0000,2402
2026-02-03T00:00:00.000000+0000,2627
2026-02-04T00:00:00.000000+0000,2777
2026-02-05T00:00:00.000000+0000,2718
2026-02-06T00:00:00.000000+0000,2476
2026-02-07T00:00:00.000000+0000,2416
2026-02-08T00:00:00.000000+0000,2681
2026-02-09T00:00:00.000000+0000,2430
2026-02-10T00:00:00.000000+0000,2583
2026-02-11T00:00:00.000000+0000,2380
2026-02-12T00:00:00.000000+0000,2393
2026-02-13T00:00:00.000000+0000,2693
2026-02-14T00:00:00.000000+0000,2839
2026-02-15T00:00:00.000000+0000,2899
2026-02-16T00:00:00.000000+0000,2605
2026-02-17T00:00:00.000000+0000,2573
2026-02-18T00:00:00.000000+0000,2702
2026-02-19T00:00:00.000000+0000,3255
2026-02-20T00:00:00.000000+0000,3114
2026-02-21T00:00:00.000000+0000,3158
2026-02-22T00:00:00.000000+0000,2999
2026-02-23T00:00:00.000000+0000,3076
2026-02-24T00:00:00.000000+0000,3309
2026-02-25T00:00:00.000000+0000,2938
2026-02-26T00:00:00.000000+0000,3761
2026-02-27T00:00:00.000000+0000,3402
2026-02-28T00:00:00.000000+0000,3095
